Symbol,Atom_ID,Partner_ID,First_partner_ID,1st_iso_time_ps
Cl,1241 (1241 @ 1910),1750,1750,0.1
H,1750 (1750 @ 1910),1241,1241,0.02
Cl,236 (236 @ 2112),240,240,0.34
H,240 (240 @ 2112),236,236,0.01
H,251 (251 @ 2112),3271,3271,0.02
Cl,3271 (3269 @ 2112),251,251,0.15
Cl,3116 (3111 @ 2314),3120,3120,0.06
H,3120 (3115 @ 2314),3116,3116,0.01
Cl,3258 (3253 @ 2314),3262,3262,0.19
H,3262 (3257 @ 2314),3258,3258,0.02
Cl,1819 (1814 @ 2415),2254,2254,0.19
H,2254 (2249 @ 2415),1819,1819,0.01
Cl,2744 (2739 @ 2415),2746,2746,0.16
H,2746 (2741 @ 2415),2744,2744,0.02
Cl,1687 (1683 @ 2516),2195,2195,0.13
H,2195 (2189 @ 2516),1687,1687,0.03
H,2817 (2808 @ 2516),2828,2828,0.04
Cl,2828 (2819 @ 2516),2817,2817,0.42
H,1834 (1827 @ 2617),2333,1746,0.02
Cl,2333 (2324 @ 2617),1834,1834,0.07
Cl,2383 (2374 @ 2617),2385,2385,0.12
H,2385 (2376 @ 2617),2383,2383,0.01
H,1367 (1363 @ 2718),1867,1867,0.01
Cl,1867 (1859 @ 2718),1367,1367,0.21
H,395 (392 @ 2819),461,461,0.02
Cl,461 (458 @ 2819),395,395,0.19
Cl,1746 (1740 @ 2819),1823,1833,0.3
H,1823 (1815 @ 2819),1746,1746,0.01
Cl,3200 (3179 @ 2819),3204,3204,0.08
H,3204 (3183 @ 2819),3200,3200,0.02
Cl,1818 (1808 @ 2920),2315,2315,0.16
Cl,1975 (1961 @ 2920),2483,2483,0.21
H,2315 (2299 @ 2920),1818,1818,0.03
Cl,2441 (2422 @ 2920),2950,2950,1.02
H,2483 (2464 @ 2920),1975,1975,0.02
H,2950 (2927 @ 2920),2441,2441,0.01
Cl,173 (173 @ 3021),3202,3202,0.09
Cl,617 (612 @ 3021),1126,1126,0.1
H,1126 (1121 @ 3021),617,617,0.02
H,3202 (3170 @ 3021),173,173,0.02
H,527 (521 @ 3122),1027,1027,0.01
Cl,1027 (1020 @ 3122),527,527,0.19
Cl,1327 (1318 @ 3122),1835,1835,0.1
H,1835 (1818 @ 3122),1327,1327,0.04
H,623 (615 @ 3324),1133,1133,0.01
H,695 (687 @ 3324),1195,1195,0.02
Cl,1133 (1123 @ 3324),623,695,0.18
Cl,1195 (1185 @ 3324),695,693,0.07
Cl,690 (681 @ 3425),693,693,0.15
H,693 (684 @ 3425),690,690,0.03
Cl,162 (162 @ 3526),168,168,0.26
H,168 (168 @ 3526),162,162,0.01
Cl,317 (313 @ 3526),3335,3335,0.21
H,551 (544 @ 3526),1123,1123,0.01
Cl,1123 (1110 @ 3526),551,551,0.31
Cl,2777 (2738 @ 3526),2783,3286,0.15
H,2783 (2744 @ 3526),2777,2777,0.02
H,2999 (2957 @ 3526),3499,3499,0.02
H,3335 (3285 @ 3526),317,317,0.02
Cl,3499 (3449 @ 3526),2999,2999,0.07
Cl,151 (151 @ 3627),659,659,0.09
H,659 (646 @ 3627),151,151,0.01
Cl,1196 (1175 @ 3627),1702,551,0.12
H,1702 (1677 @ 3627),1196,1196,0.01
Cl,3114 (3064 @ 3627),3117,3117,0.36
H,3117 (3066 @ 3627),3114,3114,0.02
H,3286 (3228 @ 3627),3355,3355,0.03
Cl,3355 (3296 @ 3627),3286,3286,0.03
Cl,1064 (1045 @ 3728),1571,1571,0.05
Cl,1136 (1114 @ 3728),1137,1137,0.23
H,1137 (1115 @ 3728),1136,1136,0.02
H,1571 (1544 @ 3728),1064,1064,0.01
Cl,2994 (2941 @ 3728),2997,2997,0.18
H,2997 (2944 @ 3728),2994,2994,0.02
Cl,1052 (1033 @ 3930),1055,1486,0.08
H,1055 (1036 @ 3930),1052,1052,0.02
H,1749 (1715 @ 3930),1831,1831,0.03
Cl,1796 (1761 @ 3930),1800,1800,0.03
H,1800 (1765 @ 3930),1796,1796,0.01
Cl,1831 (1793 @ 3930),1749,1749,0.45
Cl,2564 (2514 @ 3930),2568,2568,0.11
H,2568 (2518 @ 3930),2564,2564,0.02
H,2591 (2541 @ 3930),3091,3091,0.02
Cl,3091 (3031 @ 3930),2591,2591,0.07
Cl,3476 (3403 @ 3930),3480,3480,0.33
H,3480 (3407 @ 3930),3476,3476,0.01
Cl,163 (161 @ 4031),3191,3191,0.12
Cl,308 (301 @ 4031),742,252,0.14
H,324 (316 @ 4031),389,389,0.04
Cl,389 (381 @ 4031),324,324,0.16
H,742 (724 @ 4031),308,308,0.02
Cl,1051 (1032 @ 4031),1486,1056,0.27
H,1486 (1454 @ 4031),1051,1051,0.01
Cl,1566 (1534 @ 4031),1569,1569,0.11
H,1569 (1537 @ 4031),1566,1568,0.01
Cl,1879 (1832 @ 4031),2889,2889,0.03
Cl,2706 (2647 @ 4031),3201,3201,0.2
Cl,2780 (2718 @ 4031),3214,3214,1.27
H,2889 (2824 @ 4031),1879,1879,0.02
Cl,3053 (2984 @ 4031),3405,3405,0.07
H,3191 (3117 @ 4031),163,163,0.03
H,3201 (3126 @ 4031),2706,2706,0.01
H,3214 (3137 @ 4031),2780,2780,0.02
Cl,3281 (3201 @ 4031),3287,3287,0.17
H,3287 (3206 @ 4031),3281,3281,0.01
Cl,3404 (3321 @ 4031),3408,3408,0.29
H,3405 (3322 @ 4031),3053,3474,0.03
H,3408 (3325 @ 4031),3404,379,0.01
Cl,512 (498 @ 4132),516,516,0.1
H,516 (502 @ 4132),512,512,0.02
Cl,977 (954 @ 4132),983,1486,1.97
H,983 (960 @ 4132),977,977,0.06
Cl,1049 (1025 @ 4132),1053,1053,1.07
H,1053 (1027 @ 4132),1049,1049,0.01
Cl,1568 (1528 @ 4132),1572,1569,0.86
H,1572 (1530 @ 4132),1568,1568,0.03
Cl,1748 (1703 @ 4132),1752,1752,0.14
H,1752 (1705 @ 4132),1748,1748,0.01
Cl,2048 (1990 @ 4132),2052,2052,0.09
H,2052 (1994 @ 4132),2048,2048,0.03
Cl,258 (250 @ 4233),261,261,0.26
H,261 (253 @ 4233),258,258,0.01
Cl,2311 (2239 @ 4233),2832,2832,0.12
H,2832 (2743 @ 4233),2311,2311,0.01
H,3179 (3079 @ 4233),3186,3186,0.01
Cl,3186 (3086 @ 4233),3179,3179,0.07
H,165 (162 @ 4334),233,233,0.03
Cl,233 (228 @ 4334),165,165,0.33
H,300 (290 @ 4334),366,366,0.02
Cl,366 (353 @ 4334),300,300,0.26
Cl,583 (563 @ 4334),1091,1091,0.15
H,1091 (1055 @ 4334),583,583,0.02
Cl,2753 (2666 @ 4334),2759,2759,1.86
H,2759 (2672 @ 4334),2753,2753,0.01
H,286 (274 @ 4435),3366,3366,0.02
H,298 (286 @ 4435),797,797,0.02
Cl,797 (765 @ 4435),298,359,0.01
Cl,2360 (2277 @ 4435),2364,2364,0.18
H,2364 (2281 @ 4435),2360,2370,0.04
Cl,2671 (2581 @ 4435),2733,2733,0.12
H,2733 (2642 @ 4435),2671,2671,0.01
Cl,2804 (2706 @ 4435),2808,2808,0.1
H,2808 (2710 @ 4435),2804,2804,0.01
H,3263 (3141 @ 4435),3330,3330,0.01
Cl,3330 (3204 @ 4435),3263,3263,0.87
Cl,3366 (3238 @ 4435),286,2866,0.25
Cl,296 (283 @ 4536),297,297,0.27
H,297 (284 @ 4536),296,296,0.02
H,2376 (2288 @ 4536),2801,2801,0.02
H,2722 (2625 @ 4536),3221,3221,0.01
Cl,2801 (2696 @ 4536),2376,2301,0.16
Cl,3221 (3092 @ 4536),2722,2722,0.07
Cl,259 (248 @ 4637),262,264,0.07
H,262 (250 @ 4637),259,259,0.02
H,467 (443 @ 4637),3463,3463,0.03
Cl,908 (871 @ 4637),912,912,0.07
H,912 (875 @ 4637),908,908,0.01
H,1773 (1703 @ 4637),2347,2347,0.02
Cl,2324 (2237 @ 4637),2328,2328,0.09
H,2328 (2241 @ 4637),2324,2324,0.01
Cl,2347 (2259 @ 4637),1773,1773,0.2
Cl,2516 (2421 @ 4637),2520,2520,0.5
H,2520 (2425 @ 4637),2516,2516,0.01
Cl,3401 (3255 @ 4637),3407,3407,0.4
H,3407 (3259 @ 4637),3401,3401,0.02
Cl,3463 (3314 @ 4637),467,455,0.29
Cl,8 (8 @ 4738),12,12,0.13
H,12 (12 @ 4738),8,8,0.03
Cl,176 (170 @ 4738),180,180,0.1
H,180 (174 @ 4738),176,176,0.01
Cl,260 (248 @ 4738),264,264,0.14
H,264 (250 @ 4738),260,259,0.02
H,359 (337 @ 4738),776,859,0.02
Cl,776 (737 @ 4738),359,359,0.12
Cl,1159 (1102 @ 4738),1665,1665,0.29
Cl,1483 (1421 @ 4738),1500,1500,0.14
Cl,1494 (1431 @ 4738),1498,1498,0.11
H,1498 (1435 @ 4738),1494,2000,0.01
H,1500 (1437 @ 4738),1483,1483,0.01
H,1665 (1597 @ 4738),1159,1662,0.02
H,1989 (1902 @ 4738),2000,1063,0.01
Cl,2000 (1913 @ 4738),1989,1498,0.32
Cl,2729 (2617 @ 4738),2807,2807,0.51
H,2781 (2662 @ 4738),3356,3356,0.02
H,2807 (2685 @ 4738),2729,2729,0.02
Cl,3356 (3200 @ 4738),2781,2784,0.28
Cl,187 (177 @ 4839),3141,3141,0.09
Cl,1409 (1338 @ 4839),1487,1487,0.03
Cl,1446 (1375 @ 4839),1449,1449,0.15
H,1449 (1378 @ 4839),1446,1446,0.04
H,1487 (1414 @ 4839),1409,1409,0.01
H,1991 (1889 @ 4839),2059,2059,0.03
H,2004 (1901 @ 4839),2504,2504,0.02
Cl,2059 (1954 @ 4839),1991,1989,0.18
Cl,2504 (2384 @ 4839),2004,2004,2.83
Cl,2561 (2439 @ 4839),3083,3083,0.19
H,3083 (2932 @ 4839),2561,2561,0.01
H,3141 (2985 @ 4839),187,187,0.01
Cl,3306 (3134 @ 4839),3311,3311,0.13
H,3311 (3139 @ 4839),3306,3306,0.02
H,106 (104 @ 4940),608,608,0.02
Cl,283 (262 @ 4940),358,3311,0.07
H,346 (317 @ 4940),845,845,0.02
Cl,355 (326 @ 4940),3383,3383,0.14
H,358 (329 @ 4940),283,283,0.01
Cl,608 (568 @ 4940),106,106,0.06
Cl,726 (680 @ 4940),729,729,0.52
H,729 (683 @ 4940),726,726,0.01
H,779 (731 @ 4940),1267,835,0.02
Cl,845 (796 @ 4940),346,346,0.16
Cl,943 (892 @ 4940),1451,1451,0.23
Cl,1267 (1197 @ 4940),779,779,0.45
H,1365 (1294 @ 4940),1436,1362,0.03
Cl,1436 (1363 @ 4940),1365,1365,1.22
H,1451 (1376 @ 4940),943,943,0.02
Cl,1676 (1589 @ 4940),2265,2265,0.01
H,2265 (2150 @ 4940),1676,2262,0.03
Cl,3377 (3186 @ 4940),3455,3383,0.2
H,3383 (3192 @ 4940),355,355,0.02
H,3455 (3259 @ 4940),3377,3377,0.01
Cl,43 (41 @ 5041),3501,3501,0.08
Cl,415 (377 @ 5041),1414,408,0.15
H,1414 (1328 @ 5041),415,415,0.02
Cl,2286 (2154 @ 5041),2291,2291,0.45
H,2291 (2159 @ 5041),2286,2286,0.01
Cl,2348 (2210 @ 5041),2352,2352,0.24
H,2352 (2214 @ 5041),2348,2264,0.01
H,2373 (2233 @ 5041),2875,2370,0.03
Cl,2444 (2300 @ 5041),2448,2448,0.14
H,2448 (2304 @ 5041),2444,2444,0.01
Cl,2875 (2703 @ 5041),2373,2373,0.35
H,3324 (3121 @ 5041),3450,3450,0.01
H,3441 (3226 @ 5041),3452,3452,0.01
Cl,3450 (3235 @ 5041),3324,3324,0.12
Cl,3452 (3237 @ 5041),3441,3441,1.15
H,3501 (3281 @ 5041),43,43,0.02
Cl,127 (123 @ 5142),635,635,0.11
Cl,354 (321 @ 5142),357,3394,0.6
Cl,356 (322 @ 5142),3394,3394,0.11
H,357 (323 @ 5142),354,354,0.02
H,635 (585 @ 5142),127,127,0.02
Cl,991 (925 @ 5142),994,994,0.09
H,994 (928 @ 5142),991,991,0.02
H,1330 (1245 @ 5142),2346,1829,0.01
Cl,2346 (2204 @ 5142),1330,2349,0.18
H,2349 (2205 @ 5142),2429,2346,0.01
Cl,2429 (2278 @ 5142),2349,2349,1.83
Cl,2756 (2586 @ 5142),3238,3238,2.87
H,3238 (3033 @ 5142),2756,2756,0.02
H,3394 (3172 @ 5142),356,354,0.01
H,58 (55 @ 5243),643,560,0.02
H,131 (126 @ 5243),198,198,0.01
Cl,198 (184 @ 5243),131,635,0.17
H,636 (581 @ 5243),835,701,0.03
Cl,643 (588 @ 5243),58,58,0.05
Cl,835 (770 @ 5243),636,636,0.61
H,837 (772 @ 5243),906,906,0.01
H,840 (775 @ 5243),1484,833,0.02
Cl,906 (840 @ 5243),837,837,0.14
Cl,1484 (1382 @ 5243),840,1341,0.2
Cl,1662 (1550 @ 5243),1738,1665,0.11
H,1738 (1622 @ 5243),1662,1662,0.01
Cl,1793 (1671 @ 5243),2016,2016,2.72
H,2016 (1879 @ 5243),1793,2012,0.04
Cl,2252 (2111 @ 5243),2256,2256,0.1
H,2256 (2114 @ 5243),2252,2252,0.02
H,2711 (2536 @ 5243),3137,3137,0.01
Cl,2825 (2633 @ 5243),2891,2891,0.93
H,2891 (2695 @ 5243),2825,2825,0.02
Cl,3137 (2930 @ 5243),2711,3156,0.12
H,3156 (2948 @ 5243),3211,3137,0.01
Cl,3211 (2996 @ 5243),3156,3156,0.13
Cl,29 (27 @ 5344),3504,3504,0.32
H,69 (65 @ 5344),560,560,0.01
Cl,126 (121 @ 5344),129,129,0.64
H,129 (123 @ 5344),126,126,0.01
H,228 (211 @ 5344),294,294,0.02
Cl,245 (225 @ 5344),3215,3215,0.5
Cl,294 (265 @ 5344),228,228,0.13
Cl,403 (357 @ 5344),3432,3432,0.13
Cl,560 (507 @ 5344),69,58,0.09
Cl,1063 (975 @ 5344),2494,2494,0.44
Cl,1697 (1571 @ 5344),2206,2206,0.08
H,1893 (1748 @ 5344),2467,2467,0.02
Cl,1913 (1768 @ 5344),2423,2423,0.36
Cl,2191 (2037 @ 5344),2700,2700,0.05
H,2206 (2051 @ 5344),1697,1697,0.02
Cl,2321 (2158 @ 5344),2830,2830,0.21
H,2423 (2246 @ 5344),1913,1913,0.02
Cl,2467 (2286 @ 5344),1893,1893,0.17
H,2494 (2312 @ 5344),1063,2059,0.01
H,2700 (2510 @ 5344),2191,2262,0.02
H,2830 (2619 @ 5344),2321,2321,0.02
Cl,2935 (2720 @ 5344),2949,2951,0.16
H,2949 (2734 @ 5344),2935,2935,0.01
H,3215 (2977 @ 5344),245,245,0.01
H,3432 (3169 @ 5344),403,403,0.02
H,3504 (3232 @ 5344),29,29,0.01
Cl,114 (107 @ 5445),119,108,0.12
H,119 (112 @ 5445),114,114,0.01
H,275 (242 @ 5445),342,342,0.01
Cl,342 (299 @ 5445),275,849,0.1
H,345 (302 @ 5445),859,859,0.01
H,624 (558 @ 5445),701,701,0.03
Cl,701 (628 @ 5445),624,636,0.09
Cl,859 (776 @ 5445),345,3394,0.04
Cl,1039 (947 @ 5445),1545,1545,0.24
Cl,1184 (1078 @ 5445),1188,1188,0.24
H,1188 (1082 @ 5445),1184,1184,0.02
H,1234 (1126 @ 5445),1736,1736,0.01
H,1545 (1418 @ 5445),1039,1039,0.01
H,1595 (1463 @ 5445),1661,1661,0.02
Cl,1661 (1529 @ 5445),1595,1595,0.15
Cl,1736 (1598 @ 5445),1234,1234,0.09
H,1764 (1620 @ 5445),2275,2275,0.01
Cl,2262 (2089 @ 5445),2266,2700,0.12
H,2266 (2092 @ 5445),2262,2262,0.03
Cl,2275 (2101 @ 5445),1764,1764,0.31
Cl,2852 (2619 @ 5445),2914,2855,0.21
H,2914 (2678 @ 5445),2852,2852,0.01
H,3274 (3006 @ 5445),3344,3414,0.01
Cl,3344 (3068 @ 5445),3274,3274,0.18
H,141 (128 @ 5546),715,715,0.02
Cl,571 (504 @ 5546),3034,3034,0.02
Cl,644 (569 @ 5546),1067,1067,0.16
Cl,715 (635 @ 5546),141,141,0.37
Cl,833 (747 @ 5546),1356,1356,0.06
Cl,1001 (902 @ 5546),1008,1008,0.08
H,1006 (907 @ 5546),3511,3511,0.01
H,1008 (909 @ 5546),1001,1001,0.03
H,1067 (959 @ 5546),644,644,0.02
H,1308 (1186 @ 5546),1373,1373,0.03
Cl,1337 (1213 @ 5546),1341,1341,0.52
H,1341 (1217 @ 5546),1337,1484,0.02
H,1356 (1232 @ 5546),833,1421,0.02
Cl,1373 (1247 @ 5546),1308,1308,0.06
Cl,1770 (1609 @ 5546),2219,2289,0.18
Cl,2108 (1924 @ 5546),2112,2112,0.12
H,2112 (1928 @ 5546),2108,2045,0.01
H,2124 (1940 @ 5546),2180,1615,0.02
Cl,2180 (1996 @ 5546),2124,2124,0.15
H,2219 (2032 @ 5546),1770,1770,0.02
Cl,2370 (2161 @ 5546),2433,2364,0.29
H,2433 (2218 @ 5546),2370,2370,0.02
H,2556 (2332 @ 5546),2622,2622,0.02
H,2615 (2387 @ 5546),3115,3115,0.01
Cl,2622 (2394 @ 5546),2556,2556,0.13
H,2748 (2511 @ 5546),2816,2816,0.01
Cl,2816 (2568 @ 5546),2748,2748,0.25
H,2925 (2667 @ 5546),3500,3500,0.01
H,3034 (2770 @ 5546),571,571,0.01
Cl,3115 (2847 @ 5546),2615,2615,0.07
Cl,3247 (2961 @ 5546),3321,3321,0.13
Cl,3295 (3001 @ 5546),3300,3300,0.52
H,3300 (3006 @ 5546),3295,3295,0.01
H,3321 (3025 @ 5546),3247,3318,0.02
Cl,3342 (3043 @ 5546),3348,2831,0.97
H,3348 (3048 @ 5546),3342,3342,0.02
Cl,3498 (3179 @ 5546),3503,492,0.46
Cl,3500 (3180 @ 5546),2925,2986,2.48
H,3503 (3182 @ 5546),3498,3498,0.02
Cl,3511 (3189 @ 5546),1006,491,0.04
Cl,269 (233 @ 5647),3298,3298,0.1
H,491 (428 @ 5647),944,3511,0.03
Cl,595 (525 @ 5647),609,609,0.23
H,609 (538 @ 5647),595,595,0.01
Cl,944 (844 @ 5647),491,3034,0.07
Cl,1268 (1137 @ 5647),1701,1701,0.73
Cl,1590 (1431 @ 5647),1593,1593,0.07
H,1593 (1434 @ 5647),1590,1519,0.02
H,1690 (1525 @ 5647),2117,2117,0.01
H,1701 (1535 @ 5647),1268,1268,0.01
Cl,1889 (1701 @ 5647),1896,1896,0.11
H,1896 (1707 @ 5647),1889,1889,0.01
Cl,2117 (1916 @ 5647),1690,1690,0.57
Cl,2431 (2195 @ 5647),2951,2951,0.37
Cl,2479 (2238 @ 5647),2987,2987,0.06
H,2544 (2298 @ 5647),2549,2549,0.01
Cl,2549 (2303 @ 5647),2544,2544,0.21
H,2879 (2597 @ 5647),2948,2948,0.02
Cl,2948 (2661 @ 5647),2879,2433,0.23
H,2951 (2662 @ 5647),2431,2431,0.01
H,2987 (2698 @ 5647),2479,2479,0.02
Cl,3210 (2899 @ 5647),3227,3227,0.38
H,3227 (2912 @ 5647),3210,3210,0.02
Cl,3270 (2950 @ 5647),3273,2615,0.16
H,3273 (2952 @ 5647),3270,3270,0.02
H,3298 (2972 @ 5647),269,269,0.01
Cl,20 (18 @ 5748),540,24,0.11
H,22 (20 @ 5748),78,17,0.02
Cl,78 (72 @ 5748),22,588,0.08
H,333 (285 @ 5748),401,401,0.01
Cl,391 (332 @ 5748),899,899,0.1
Cl,401 (341 @ 5748),333,333,0.27
H,540 (472 @ 5748),20,20,0.01
Cl,858 (759 @ 5748),863,863,0.15
H,863 (763 @ 5748),858,858,0.02
H,899 (799 @ 5748),391,391,0.01
Cl,1256 (1121 @ 5748),1259,1259,0.97
H,1259 (1124 @ 5748),1256,1256,0.01
Cl,1471 (1319 @ 5748),1979,1979,0.21
H,1691 (1517 @ 5748),2190,2190,0.01
Cl,1712 (1535 @ 5748),1713,1713,0.11
H,1713 (1536 @ 5748),1712,1712,0.01
Cl,1951 (1749 @ 5748),2457,2457,0.04
H,1979 (1776 @ 5748),1471,1471,0.02
Cl,2010 (1803 @ 5748),2939,1581,0.16
Cl,2106 (1895 @ 5748),2109,2122,0.3
H,2109 (1897 @ 5748),2106,2106,0.02
Cl,2190 (1974 @ 5748),1691,1691,0.1
H,2457 (2203 @ 5748),1951,2010,0.02
Cl,2633 (2363 @ 5748),2736,2736,0.15
H,2736 (2459 @ 5748),2633,2633,0.01
Cl,2766 (2483 @ 5748),2772,2772,0.4
H,2772 (2489 @ 5748),2766,2766,0.02
H,2829 (2534 @ 5748),2838,2768,0.01
Cl,2838 (2541 @ 5748),2829,2267,0.21
H,2939 (2634 @ 5748),2010,2945,0.02
Cl,17 (15 @ 5849),585,22,0.04
H,21 (18 @ 5849),536,536,0.01
H,24 (20 @ 5849),79,20,0.02
Cl,79 (70 @ 5849),24,23,0.17
Cl,404 (337 @ 5849),911,911,0.06
H,407 (340 @ 5849),965,404,0.03
H,468 (398 @ 5849),3497,3497,0.01
Cl,475 (405 @ 5849),3010,3010,0.17
Cl,536 (462 @ 5849),21,21,0.08
H,549 (474 @ 5849),620,620,0.02
H,585 (506 @ 5849),17,17,0.01
Cl,620 (537 @ 5849),549,549,0.21
Cl,785 (685 @ 5849),792,1294,0.21
H,792 (692 @ 5849),785,785,0.01
Cl,799 (698 @ 5849),802,802,0.05
H,802 (701 @ 5849),799,799,0.03
H,911 (799 @ 5849),404,319,0.02
Cl,930 (817 @ 5849),935,935,0.1
H,935 (822 @ 5849),930,930,0.01
Cl,965 (850 @ 5849),407,407,0.07
Cl,968 (853 @ 5849),969,969,0.04
H,969 (854 @ 5849),968,968,0.01
H,1139 (1001 @ 5849),1146,1146,0.02
Cl,1146 (1008 @ 5849),1139,1139,0.29
H,1344 (1190 @ 5849),1351,1351,0.02
Cl,1351 (1197 @ 5849),1344,1344,0.02
Cl,1376 (1218 @ 5849),1380,1380,0.07
H,1380 (1222 @ 5849),1376,1376,0.02
H,1464 (1300 @ 5849),1963,1963,0.01
Cl,1556 (1383 @ 5849),2481,2481,0.06
Cl,1580 (1402 @ 5849),1581,2015,0.03
H,1581 (1403 @ 5849),1580,1580,0.02
Cl,1615 (1434 @ 5849),2121,2121,0.17
Cl,1674 (1490 @ 5849),2182,2182,0.08
H,1920 (1702 @ 5849),2995,2995,0.03
Cl,1963 (1744 @ 5849),1464,1464,0.03
H,2121 (1886 @ 5849),1615,1615,0.02
H,2182 (1945 @ 5849),1674,1674,0.02
H,2268 (2020 @ 5849),2923,2264,0.01
Cl,2288 (2038 @ 5849),2806,2806,1.31
Cl,2382 (2115 @ 5849),2388,2388,0.07
H,2387 (2118 @ 5849),2453,2453,0.01
H,2388 (2119 @ 5849),2382,2382,0.01
Cl,2418 (2149 @ 5849),2926,2926,0.12
Cl,2453 (2177 @ 5849),2387,2387,0.41
H,2481 (2202 @ 5849),1556,1556,0.02
H,2589 (2299 @ 5849),3163,3163,0.01
Cl,2647 (2353 @ 5849),3153,2664,1.51
H,2747 (2443 @ 5849),2900,2900,0.04
H,2806 (2490 @ 5849),2288,2288,0.02
Cl,2900 (2569 @ 5849),2747,2747,0.8
Cl,2923 (2591 @ 5849),2268,2268,0.03
H,2926 (2593 @ 5849),2418,2418,0.02
Cl,2970 (2631 @ 5849),2973,2973,0.06
H,2973 (2634 @ 5849),2970,3043,0.02
Cl,2995 (2654 @ 5849),1920,1920,0.07
H,3010 (2667 @ 5849),475,475,0.02
H,3153 (2799 @ 5849),2647,2647,0.02
Cl,3163 (2808 @ 5849),2589,2589,0.29
Cl,3497 (3086 @ 5849),468,333,0.22
H,274 (230 @ 5950),787,787,0.01
Cl,282 (237 @ 5950),285,285,0.21
H,285 (239 @ 5950),282,282,0.01
H,311 (258 @ 5950),368,368,0.02
Cl,331 (276 @ 5950),347,347,1.01
H,347 (288 @ 5950),331,331,0.03
Cl,368 (302 @ 5950),311,311,0.09
H,765 (655 @ 5950),1339,1339,0.01
Cl,787 (674 @ 5950),274,3226,0.05
Cl,894 (769 @ 5950),1401,1401,0.43
Cl,895 (770 @ 5950),971,971,0.85
H,971 (834 @ 5950),895,895,0.01
H,1235 (1067 @ 5950),1302,1302,0.02
Cl,1302 (1129 @ 5950),1235,1235,0.14
Cl,1339 (1162 @ 5950),765,765,0.19
H,1378 (1193 @ 5950),1880,1880,0.02
H,1401 (1215 @ 5950),894,1398,0.01
H,1402 (1216 @ 5950),1997,1997,0.03
H,1461 (1269 @ 5950),1531,1531,0.02
Cl,1531 (1330 @ 5950),1461,1461,0.12
Cl,1592 (1381 @ 5950),1667,1162,0.41
H,1667 (1450 @ 5950),1592,1592,0.01
Cl,1769 (1534 @ 5950),2289,2289,0.08
H,1858 (1612 @ 5950),2264,2264,0.02
Cl,1880 (1632 @ 5950),1378,1378,0.16
Cl,1997 (1738 @ 5950),1402,1919,0.74
H,2170 (1897 @ 5950),2670,2670,0.01
Cl,2264 (1980 @ 5950),1858,1330,0.21
H,2289 (1999 @ 5950),1769,1770,0.01
Cl,2670 (2328 @ 5950),2170,2170,0.05
Cl,2732 (2384 @ 5950),3166,3166,0.28
H,3166 (2752 @ 5950),2732,2732,0.02
Cl,3294 (2855 @ 5950),3297,3297,0.62
H,3297 (2857 @ 5950),3294,3294,0.01
H,36 (28 @ 6051),3043,3043,0.03
H,84 (71 @ 6051),150,150,0.02
Cl,150 (129 @ 6051),84,84,0.08
Cl,152 (130 @ 6051),153,84,0.04
H,153 (131 @ 6051),152,152,0.02
H,192 (162 @ 6051),680,680,0.01
Cl,199 (168 @ 6051),705,705,0.24
Cl,680 (571 @ 6051),192,192,0.05
H,705 (592 @ 6051),199,199,0.02
H,718 (604 @ 6051),728,728,0.01
Cl,728 (613 @ 6051),718,718,0.14
Cl,774 (656 @ 6051),3226,3226,0.7
H,861 (728 @ 6051),1232,1232,0.01
Cl,1014 (858 @ 6051),1017,1017,0.09
H,1017 (861 @ 6051),1014,1014,0.02
Cl,1232 (1053 @ 6051),861,861,0.86
H,1473 (1260 @ 6051),1904,1904,0.02
Cl,1698 (1453 @ 6051),1775,1775,0.16
H,1775 (1515 @ 6051),1698,1698,0.01
Cl,1808 (1545 @ 6051),1809,1809,0.07
H,1809 (1546 @ 6051),1808,1808,0.01
H,1848 (1579 @ 6051),1927,1927,0.02
H,1869 (1598 @ 6051),2443,2443,0.03
Cl,1904 (1628 @ 6051),1473,1413,0.28
Cl,1927 (1649 @ 6051),1848,1848,0.36
Cl,2249 (1942 @ 6051),2745,2745,0.23
Cl,2443 (2096 @ 6051),1869,2806,0.05
H,2566 (2202 @ 6051),2635,2635,0.01
Cl,2635 (2265 @ 6051),2566,2998,0.12
H,2745 (2363 @ 6051),2249,2813,0.02
Cl,2873 (2465 @ 6051),3382,3382,0.31
H,3021 (2590 @ 6051),3512,3512,0.01
Cl,3043 (2611 @ 6051),36,36,1.44
H,3226 (2768 @ 6051),774,774,0.01
H,3382 (2893 @ 6051),2873,2873,0.01
Cl,3512 (3000 @ 6051),3021,3021,0.11
H,45 (35 @ 6152),3150,619,0.02
Cl,414 (327 @ 6152),417,417,0.3
H,417 (329 @ 6152),414,414,0.02
Cl,428 (340 @ 6152),432,432,0.15
H,432 (344 @ 6152),428,428,0.01
Cl,1206 (1012 @ 6152),1209,1209,0.23
H,1209 (1015 @ 6152),1206,1206,0.01
H,1331 (1125 @ 6152),1398,1398,0.01
Cl,1398 (1180 @ 6152),1331,1331,0.29
Cl,1458 (1232 @ 6152),1955,1955,0.35
H,1536 (1298 @ 6152),2045,2045,0.02
H,1630 (1378 @ 6152),1710,1710,0.02
Cl,1710 (1445 @ 6152),1630,1630,0.38
H,1955 (1651 @ 6152),1458,1458,0.01
Cl,2045 (1731 @ 6152),1536,1536,0.29
Cl,2192 (1863 @ 6152),2194,2194,0.05
H,2194 (1865 @ 6152),2192,2192,0.01
Cl,2576 (2183 @ 6152),2579,2579,0.1
H,2579 (2186 @ 6152),2576,2576,0.01
H,2625 (2228 @ 6152),2693,2693,0.01
Cl,2693 (2291 @ 6152),2625,2625,0.11
Cl,2921 (2476 @ 6152),3443,3443,0.17
Cl,3150 (2675 @ 6152),45,45,0.57
H,3360 (2839 @ 6152),3414,3414,0.01
Cl,3414 (2883 @ 6152),3360,3360,0.09
H,3443 (2910 @ 6152),2921,2921,0.02
H,3454 (2919 @ 6152),3523,3523,0.02
Cl,3510 (2964 @ 6152),3515,3515,0.07
H,3515 (2967 @ 6152),3510,3510,0.02
Cl,3523 (2975 @ 6152),3454,3454,0.57
Cl,80 (65 @ 6253),3047,3047,0.17
Cl,101 (85 @ 6253),3058,3058,0.65
Cl,367 (287 @ 6253),873,873,0.05
H,573 (466 @ 6253),702,702,0.01
Cl,619 (506 @ 6253),3143,45,0.19
Cl,702 (576 @ 6253),573,573,0.25
H,754 (621 @ 6253),1747,1747,0.01
H,873 (721 @ 6253),367,367,0.02
Cl,941 (780 @ 6253),1377,1377,0.28
H,1248 (1043 @ 6253),1805,1805,0.02
H,1377 (1153 @ 6253),941,941,0.01
H,1413 (1183 @ 6253),1553,1904,0.01
Cl,1553 (1303 @ 6253),1413,1413,0.56
Cl,1747 (1464 @ 6253),754,754,0.03
Cl,1805 (1510 @ 6253),1248,1248,0.12
H,2013 (1686 @ 6253),2514,2514,0.02
Cl,2297 (1934 @ 6253),2868,2868,0.24
H,2362 (1987 @ 6253),2861,2861,0.03
Cl,2514 (2113 @ 6253),2013,2937,0.14
Cl,2719 (2293 @ 6253),2998,2998,0.3
Cl,2767 (2327 @ 6253),3345,3345,0.01
Cl,2861 (2402 @ 6253),2362,2362,0.17
H,2868 (2409 @ 6253),2297,2297,0.02
H,2998 (2516 @ 6253),2719,2563,0.02
H,3047 (2560 @ 6253),80,3042,0.03
H,3058 (2570 @ 6253),101,101,0.02
Cl,3077 (2589 @ 6253),3081,3081,0.15
H,3081 (2593 @ 6253),3077,3077,0.01
H,3143 (2646 @ 6253),619,619,0.02
H,3345 (2804 @ 6253),2767,2767,0.04
Cl,19 (16 @ 6354),3477,3477,0.18
H,72 (59 @ 6354),3079,3079,0.01
H,154 (124 @ 6354),653,653,0.02
Cl,329 (260 @ 6354),3420,3417,0.92
Cl,511 (410 @ 6354),1966,1966,0.15
Cl,557 (449 @ 6354),910,910,0.29
Cl,653 (528 @ 6354),154,154,0.09
H,707 (574 @ 6354),1277,1277,0.02
H,910 (745 @ 6354),557,557,0.02
Cl,1135 (936 @ 6354),1641,1641,0.05
H,1212 (1002 @ 6354),1254,1254,0.02
Cl,1254 (1039 @ 6354),1212,1212,1.01
Cl,1277 (1058 @ 6354),707,1211,0.49
Cl,1350 (1122 @ 6354),1353,1353,0.04
H,1353 (1124 @ 6354),1350,1350,0.03
H,1605 (1330 @ 6354),1663,1663,0.01
H,1641 (1364 @ 6354),1135,1638,0.02
Cl,1663 (1384 @ 6354),1605,1605,0.11
H,1810 (1498 @ 6354),2322,2322,0.01
H,1966 (1632 @ 6354),511,511,0.02
Cl,2322 (1939 @ 6354),1810,1810,0.41
Cl,2609 (2176 @ 6354),2627,3345,0.74
Cl,2624 (2189 @ 6354),2640,2998,0.06
H,2627 (2191 @ 6354),2609,2609,0.01
H,2640 (2202 @ 6354),2624,2624,0.02
Cl,3042 (2532 @ 6354),3106,36,0.66
Cl,3079 (2564 @ 6354),72,72,0.15
H,3106 (2588 @ 6354),3042,211,0.03
H,3420 (2834 @ 6354),329,329,0.01
H,3477 (2882 @ 6354),19,19,0.01
Cl,44 (33 @ 6455),550,45,0.25
Cl,66 (53 @ 6455),490,515,0.49
H,299 (232 @ 6455),800,800,0.02
Cl,319 (248 @ 6455),1403,1403,0.11
H,418 (320 @ 6455),425,3439,0.02
Cl,425 (327 @ 6455),418,418,0.11
H,489 (385 @ 6455),497,497,0.01
H,490 (386 @ 6455),66,66,0.02
Cl,497 (392 @ 6455),489,489,0.3
H,550 (438 @ 6455),44,44,0.01
Cl,665 (532 @ 6455),1043,1043,0.07
H,671 (538 @ 6455),1098,1098,0.02
Cl,788 (634 @ 6455),1222,1222,0.96
Cl,800 (643 @ 6455),299,804,0.1
Cl,823 (665 @ 6455),1260,1260,0.03
Cl,1003 (813 @ 6455),3528,3528,0.08
H,1043 (847 @ 6455),665,1098,0.02
Cl,1098 (893 @ 6455),671,1043,0.04
Cl,1122 (917 @ 6455),1140,1140,0.14
H,1140 (928 @ 6455),1122,1122,0.02
H,1222 (1001 @ 6455),788,788,0.02
H,1260 (1031 @ 6455),823,1412,0.03
H,1403 (1148 @ 6455),319,319,0.01
Cl,1591 (1304 @ 6455),2100,2100,0.05
H,2100 (1732 @ 6455),1591,2165,0.03
Cl,2179 (1803 @ 6455),2758,2255,0.66
Cl,2239 (1854 @ 6455),2820,2820,0.18
Cl,2563 (2116 @ 6455),3502,3502,0.3
Cl,2587 (2135 @ 6455),2590,2590,0.07
H,2590 (2137 @ 6455),2587,2587,0.01
H,2758 (2275 @ 6455),2179,2179,0.01
H,2820 (2322 @ 6455),2239,2239,0.02
Cl,3138 (2586 @ 6455),3144,3144,0.08
H,3144 (2590 @ 6455),3138,3067,0.03
Cl,3223 (2652 @ 6455),3312,3312,0.21
H,3312 (2720 @ 6455),3223,3223,0.01
H,3502 (2871 @ 6455),2563,2563,0.01
H,3528 (2890 @ 6455),1003,1003,0.01
Cl,161 (126 @ 6556),3250,3192,0.7
Cl,211 (165 @ 6556),382,3106,0.44
H,336 (257 @ 6556),3439,3439,0.02
H,382 (290 @ 6556),211,211,0.02
H,431 (326 @ 6556),3318,3318,0.01
Cl,546 (426 @ 6556),552,552,0.31
H,552 (429 @ 6556),546,546,0.02
H,789 (622 @ 6556),1363,1363,0.01
H,791 (624 @ 6556),918,918,0.02
Cl,918 (727 @ 6556),791,791,0.07
Cl,980 (779 @ 6556),1404,1403,0.12
Cl,1220 (979 @ 6556),1654,1654,0.08
Cl,1352 (1087 @ 6556),1857,1857,0.47
Cl,1363 (1096 @ 6556),789,789,0.29
H,1404 (1126 @ 6556),980,980,0.01
Cl,1505 (1208 @ 6556),2326,2326,0.26
Cl,1517 (1220 @ 6556),1884,1884,1.51
H,1654 (1336 @ 6556),1220,1220,0.02
H,1666 (1344 @ 6556),2165,2165,0.02
H,1857 (1495 @ 6556),1352,1352,0.01
H,1859 (1496 @ 6556),2083,2083,0.01
Cl,1865 (1502 @ 6556),2854,2796,0.51
H,1872 (1507 @ 6556),2933,1865,0.03
H,1884 (1517 @ 6556),1517,1517,0.01
Cl,1916 (1544 @ 6556),1931,1931,0.04
H,1931 (1557 @ 6556),1916,1916,0.02
Cl,2082 (1690 @ 6556),2517,2517,0.2
Cl,2083 (1691 @ 6556),1859,1859,0.96
Cl,2165 (1765 @ 6556),1666,2100,0.21
Cl,2298 (1871 @ 6556),2796,2796,0.13
H,2301 (1874 @ 6556),2371,2371,0.02
H,2304 (1877 @ 6556),2813,2813,0.03
H,2326 (1894 @ 6556),1505,1517,0.01
Cl,2371 (1928 @ 6556),2301,2301,0.13
Cl,2468 (2006 @ 6556),2472,2472,0.31
H,2472 (2010 @ 6556),2468,2468,0.01
Cl,2501 (2035 @ 6556),2505,2505,0.13
H,2505 (2038 @ 6556),2501,2501,0.01
H,2517 (2048 @ 6556),2082,2585,0.01
Cl,2537 (2067 @ 6556),3046,3046,0.08
Cl,2551 (2079 @ 6556),3131,3131,0.13
H,2676 (2180 @ 6556),2741,2741,0.02
Cl,2741 (2235 @ 6556),2676,2676,0.08
Cl,2791 (2269 @ 6556),3142,3142,0.29
H,2796 (2274 @ 6556),2298,2285,0.02
Cl,2813 (2286 @ 6556),2304,2745,0.28
H,2854 (2317 @ 6556),1865,1711,0.02
Cl,2933 (2383 @ 6556),1872,1872,0.1
Cl,2982 (2424 @ 6556),2985,2985,0.16
H,2985 (2427 @ 6556),2982,3006,0.03
H,3046 (2477 @ 6556),2537,2537,0.03
H,3131 (2548 @ 6556),2551,2551,0.01
H,3142 (2556 @ 6556),2791,2791,0.02
H,3250 (2640 @ 6556),161,161,0.01
Cl,3318 (2690 @ 6556),431,372,0.08
Cl,3439 (2787 @ 6556),336,418,0.3
Cl,222 (174 @ 6657),3252,3252,0.31
Cl,235 (185 @ 6657),393,393,0.09
H,393 (295 @ 6657),235,235,0.03
Cl,533 (410 @ 6657),1030,1030,1.05
Cl,631 (487 @ 6657),1644,1644,0.11
H,645 (497 @ 6657),1219,1219,0.03
H,826 (644 @ 6657),1412,1412,0.02
H,1030 (808 @ 6657),533,533,0.02
Cl,1218 (966 @ 6657),1223,1223,0.13
Cl,1219 (967 @ 6657),645,645,0.23
H,1223 (969 @ 6657),1218,1218,0.02
Cl,1412 (1118 @ 6657),826,1260,0.11
Cl,1423 (1127 @ 6657),1583,1583,0.24
Cl,1435 (1139 @ 6657),1788,1857,0.14
H,1583 (1257 @ 6657),1423,1578,0.02
H,1644 (1309 @ 6657),631,631,0.01
H,1788 (1421 @ 6657),1435,1435,0.01
Cl,2021 (1607 @ 6657),2088,2088,0.09
H,2088 (1668 @ 6657),2021,2093,0.01
H,2098 (1678 @ 6657),3307,2585,0.02
H,2290 (1836 @ 6657),2792,2792,0.01
Cl,2455 (1961 @ 6657),2460,2963,0.05
H,2460 (1965 @ 6657),2455,2455,0.01
Cl,2657 (2122 @ 6657),2734,2734,0.04
H,2734 (2187 @ 6657),2657,2657,0.02
Cl,2792 (2226 @ 6657),2290,2794,0.79
H,2856 (2272 @ 6657),3426,485,0.03
H,2915 (2322 @ 6657),3006,3006,0.01
Cl,3006 (2392 @ 6657),2915,2985,0.37
Cl,3054 (2432 @ 6657),3492,3057,0.1
H,3105 (2477 @ 6657),3164,3164,0.01
Cl,3164 (2519 @ 6657),3105,3105,0.03
H,3252 (2588 @ 6657),222,222,0.01
Cl,3307 (2627 @ 6657),2098,2676,0.16
Cl,3426 (2720 @ 6657),2856,2856,0.09
H,3492 (2774 @ 6657),3054,3054,0.01
Cl,426 (315 @ 6758),429,429,0.21
H,429 (317 @ 6758),426,426,0.03
H,537 (409 @ 6758),1470,1470,0.01
H,1186 (932 @ 6758),1688,1688,0.01
Cl,1279 (1002 @ 6758),1284,1284,0.64
Cl,1280 (1003 @ 6758),1281,1281,0.12
H,1281 (1004 @ 6758),1280,1208,0.01
H,1284 (1007 @ 6758),1279,1279,0.01
H,1427 (1118 @ 6758),1925,1925,0.04
Cl,1470 (1153 @ 6758),537,455,0.65
Cl,1578 (1240 @ 6758),1941,1583,0.21
Cl,1688 (1327 @ 6758),1186,1186,0.08
H,1812 (1421 @ 6758),2251,2251,0.02
Cl,1925 (1510 @ 6758),1427,1427,0.48
H,1941 (1524 @ 6758),1578,1578,0.03
Cl,1950 (1533 @ 6758),2027,2027,0.17
H,2027 (1595 @ 6758),1950,2024,0.02
Cl,2251 (1789 @ 6758),1812,1812,0.06
H,2325 (1840 @ 6758),2768,2768,0.01
Cl,2717 (2151 @ 6758),2937,2517,0.11
Cl,2768 (2183 @ 6758),2325,2325,0.21
H,2928 (2303 @ 6758),3427,3427,0.01
H,2937 (2310 @ 6758),2717,2945,0.03
H,3036 (2390 @ 6758),3102,3102,0.02
Cl,3102 (2444 @ 6758),3036,3106,0.2
Cl,3427 (2686 @ 6758),2928,2928,0.06
Cl,125 (100 @ 6859),633,633,0.11
H,155 (120 @ 6859),725,725,0.01
H,166 (127 @ 6859),365,235,0.01
Cl,257 (201 @ 6859),766,766,0.44
Cl,365 (271 @ 6859),166,166,0.09
H,586 (443 @ 6859),714,1099,0.01
H,633 (481 @ 6859),125,125,0.02
Cl,714 (545 @ 6859),586,1222,0.05
Cl,725 (554 @ 6859),155,155,0.21
H,766 (589 @ 6859),257,3353,0.01
H,909 (702 @ 6859),1410,1974,0.01
Cl,1410 (1097 @ 6859),909,909,0.52
Cl,1507 (1170 @ 6859),1509,933,0.18
H,1509 (1172 @ 6859),1507,1434,0.02
Cl,1711 (1331 @ 6859),2435,2854,0.13
Cl,1760 (1370 @ 6859),1906,1906,0.04
Cl,1891 (1469 @ 6859),1968,1968,0.1
H,1906 (1481 @ 6859),1760,2395,0.02
H,1968 (1531 @ 6859),1891,1891,0.01
H,2025 (1577 @ 6859),2093,2093,0.01
Cl,2093 (1637 @ 6859),2025,2088,0.13
H,2435 (1906 @ 6859),1711,1711,0.02
Cl,2538 (1986 @ 6859),3057,3057,0.3
H,3057 (2381 @ 6859),2538,2538,0.02
H,47 (34 @ 6960),113,44,0.02
H,57 (44 @ 6960),992,992,0.01
Cl,113 (90 @ 6960),47,47,0.04
Cl,485 (360 @ 6960),2853,2856,0.44
Cl,882 (670 @ 6960),885,885,0.25
H,885 (673 @ 6960),882,882,0.02
Cl,992 (757 @ 6960),57,57,0.13
H,1032 (788 @ 6960),1614,1614,0.02
Cl,1289 (993 @ 6960),1726,586,0.09
Cl,1614 (1242 @ 6960),1032,1032,0.08
H,1726 (1329 @ 6960),1289,1289,0.02
Cl,2276 (1766 @ 6960),2710,2710,0.05
H,2710 (2103 @ 6960),2276,2276,0.01
H,2853 (2200 @ 6960),485,485,0.01
H,3060 (2359 @ 6960),3068,3066,0.01
Cl,3068 (2367 @ 6960),3060,3060,0.09
Cl,3233 (2491 @ 6960),3239,3239,0.3
H,3239 (2496 @ 6960),3233,3233,0.01
H,610 (454 @ 7061),1627,1627,0.02
Cl,642 (477 @ 7061),1020,1020,0.46
H,922 (694 @ 7061),1424,1424,0.01
H,1020 (771 @ 7061),642,642,0.01
H,1101 (837 @ 7061),1171,1171,0.02
Cl,1171 (896 @ 7061),1101,732,0.63
H,1247 (955 @ 7061),1673,1673,0.01
Cl,1424 (1086 @ 7061),922,922,0.18
H,1619 (1236 @ 7061),1686,1686,0.02
Cl,1627 (1244 @ 7061),610,610,0.7
Cl,1673 (1280 @ 7061),1247,1247,0.06
Cl,1686 (1291 @ 7061),1619,1032,0.26
H,1822 (1389 @ 7061),2024,1949,0.01
Cl,2024 (1546 @ 7061),1822,1822,0.56
H,2147 (1650 @ 7061),2201,2201,0.01
Cl,2201 (1694 @ 7061),2147,2147,0.08
H,2277 (1755 @ 7061),2358,2285,0.03
Cl,2358 (1813 @ 7061),2277,2277,0.05
H,2843 (2178 @ 7061),2850,2850,0.03
Cl,2850 (2185 @ 7061),2843,2915,0.01
Cl,2864 (2194 @ 7061),3009,3009,1.9
H,3009 (2306 @ 7061),2864,2864,0.02
Cl,3067 (2351 @ 7061),3069,3069,0.44
H,3069 (2352 @ 7061),3067,3067,0.01
H,59 (43 @ 7162),2993,2993,0.02
H,156 (116 @ 7162),870,870,0.01
Cl,221 (167 @ 7162),731,731,0.11
Cl,522 (386 @ 7162),588,1020,1.96
H,588 (435 @ 7162),522,522,0.02
H,731 (542 @ 7162),221,870,0.03
H,732 (543 @ 7162),798,798,0.01
Cl,798 (595 @ 7162),732,732,0.11
H,827 (619 @ 7162),3353,3353,0.01
Cl,870 (653 @ 7162),156,731,0.07
Cl,1506 (1140 @ 7162),1942,1942,0.03
H,1714 (1295 @ 7162),2213,2213,0.01
H,1942 (1468 @ 7162),1506,1506,0.03
Cl,2213 (1689 @ 7162),1714,1714,0.32
Cl,2513 (1914 @ 7162),3022,3022,0.2
H,2952 (2239 @ 7162),3389,2946,0.02
Cl,2993 (2275 @ 7162),59,59,0.1
H,3022 (2295 @ 7162),2513,2513,0.04
Cl,3353 (2537 @ 7162),827,827,2.11
Cl,3378 (2557 @ 7162),3396,3393,0.15
Cl,3389 (2566 @ 7162),2952,2952,5.46
H,3396 (2572 @ 7162),3378,3378,0.01
Cl,449 (322 @ 7263),453,453,0.1
H,453 (326 @ 7263),449,449,0.01
Cl,810 (596 @ 7263),815,815,0.48
H,815 (601 @ 7263),810,810,0.02
Cl,1025 (762 @ 7263),1476,1476,0.11
H,1354 (1019 @ 7263),1841,1841,0.02
H,1474 (1106 @ 7263),2910,1976,0.04
H,1476 (1108 @ 7263),1025,1025,0.03
Cl,1841 (1379 @ 7263),1354,1354,0.54
H,2613 (1977 @ 7263),3162,3162,0.01
H,2880 (2170 @ 7263),2946,2946,0.01
Cl,2910 (2197 @ 7263),1474,2974,0.26
Cl,2946 (2222 @ 7263),2880,2880,1.25
Cl,3162 (2380 @ 7263),2613,2616,0.31
Cl,3368 (2529 @ 7263),3372,3372,0.06
H,3372 (2533 @ 7263),3368,3368,0.01
H,455 (326 @ 7364),896,896,0.01
H,504 (366 @ 7364),1385,1579,0.01
Cl,896 (660 @ 7364),455,455,0.93
H,1054 (777 @ 7364),1472,1472,0.01
Cl,1385 (1035 @ 7364),504,504,0.37
Cl,1472 (1099 @ 7364),1054,1054,0.22
H,1512 (1125 @ 7364),1579,1579,0.02
Cl,1542 (1152 @ 7364),1977,1977,0.12
Cl,1579 (1180 @ 7364),1512,504,0.75
H,1668 (1246 @ 7364),1675,1675,0.03
Cl,1675 (1251 @ 7364),1668,1104,0.63
H,1727 (1287 @ 7364),2227,1520,0.01
Cl,1854 (1382 @ 7364),2350,2350,0.1
H,1977 (1474 @ 7364),1542,1542,0.01
H,2026 (1511 @ 7364),2466,2466,0.01
Cl,2227 (1679 @ 7364),1727,1727,0.09
H,2350 (1766 @ 7364),1854,1854,0.01
Cl,2466 (1854 @ 7364),2026,2026,0.11
Cl,2585 (1945 @ 7364),2664,2517,0.42
H,2664 (2008 @ 7364),2585,2657,0.01
Cl,18 (15 @ 7566),105,105,0.05
Cl,77 (57 @ 7566),515,515,0.94
H,105 (80 @ 7566),18,18,0.02
Cl,200 (145 @ 7566),204,204,0.08
H,204 (149 @ 7566),200,200,0.02
H,321 (232 @ 7566),752,752,0.02
H,466 (335 @ 7566),966,966,0.02
H,515 (373 @ 7566),77,450,0.02
Cl,569 (413 @ 7566),959,957,0.25
Cl,752 (551 @ 7566),321,321,0.05
H,813 (594 @ 7566),1387,1387,0.01
H,874 (640 @ 7566),1315,1434,0.01
H,959 (706 @ 7566),569,569,0.01
Cl,966 (712 @ 7566),466,466,0.16
H,996 (733 @ 7566),1469,1469,0.01
H,1115 (827 @ 7566),1181,1181,0.02
Cl,1181 (881 @ 7566),1115,1115,1.0
Cl,1315 (982 @ 7566),874,874,0.99
Cl,1387 (1032 @ 7566),813,813,0.23
Cl,1469 (1093 @ 7566),996,996,0.12
Cl,1520 (1125 @ 7566),1524,1727,0.06
H,1524 (1129 @ 7566),1520,1520,0.03
H,1703 (1258 @ 7566),1722,2203,0.02
Cl,1722 (1272 @ 7566),1703,1653,0.25
Cl,1949 (1440 @ 7566),2445,2445,0.6
Cl,1976 (1460 @ 7566),2916,1474,0.58
Cl,2143 (1595 @ 7566),2146,2580,0.08
H,2146 (1598 @ 7566),2143,2143,0.02
H,2445 (1821 @ 7566),1949,1949,0.02
H,2530 (1885 @ 7566),3402,3402,0.01
Cl,2898 (2155 @ 7566),2903,2903,0.04
H,2903 (2159 @ 7566),2898,2898,0.01
H,2916 (2169 @ 7566),1976,3008,0.02
H,3023 (2245 @ 7566),3522,3522,0.01
Cl,3092 (2295 @ 7566),3095,3023,0.11
H,3095 (2298 @ 7566),3092,3092,0.03
Cl,3212 (2384 @ 7566),3216,3216,0.15
H,3216 (2386 @ 7566),3212,3212,0.03
Cl,3402 (2519 @ 7566),2530,2530,0.21
Cl,3522 (2606 @ 7566),3023,3023,0.13
H,9 (8 @ 7667),450,450,0.01
Cl,89 (63 @ 7667),598,598,0.11
Cl,104 (77 @ 7667),622,622,0.08
H,215 (154 @ 7667),1291,137,0.03
H,419 (292 @ 7667),486,486,0.02
Cl,450 (316 @ 7667),9,515,0.06
Cl,486 (344 @ 7667),419,419,0.21
H,598 (426 @ 7667),89,89,0.02
H,622 (444 @ 7667),104,104,0.01
H,851 (612 @ 7667),931,931,0.01
H,888 (640 @ 7667),1255,1255,0.02
Cl,931 (670 @ 7667),851,851,0.52
Cl,1097 (796 @ 7667),1175,1175,0.24
Cl,1170 (855 @ 7667),1173,1173,0.21
H,1173 (857 @ 7667),1170,1170,0.01
H,1175 (859 @ 7667),1097,1097,0.03
Cl,1255 (918 @ 7667),888,888,0.04
Cl,1291 (943 @ 7667),215,215,0.14
H,1797 (1304 @ 7667),2215,2300,0.02
H,2160 (1583 @ 7667),2203,2153,0.01
Cl,2203 (1615 @ 7667),2160,1703,0.18
Cl,2215 (1625 @ 7667),1797,1797,0.36
Cl,2684 (1975 @ 7667),2686,2686,0.92
H,2686 (1977 @ 7667),2684,2684,0.01
H,2962 (2167 @ 7667),3461,3461,0.02
Cl,3031 (2219 @ 7667),3108,3108,0.1
H,3108 (2272 @ 7667),3031,3031,0.02
Cl,3199 (2341 @ 7667),3213,3213,0.05
H,3213 (2348 @ 7667),3199,3199,0.01
Cl,3461 (2523 @ 7667),2962,2962,0.21
H,3468 (2529 @ 7667),3521,3521,0.01
Cl,3521 (2566 @ 7667),3468,3468,0.19
H,669 (469 @ 7768),1243,1243,0.01
H,755 (534 @ 7768),824,824,0.03
H,778 (553 @ 7768),1278,1699,0.01
Cl,824 (583 @ 7768),755,755,0.01
H,948 (671 @ 7768),1434,1434,0.01
Cl,1050 (746 @ 7768),1198,1547,0.42
H,1127 (807 @ 7768),1699,1699,0.01
Cl,1145 (819 @ 7768),1152,514,0.52
H,1152 (825 @ 7768),1145,1145,0.01
H,1198 (860 @ 7768),1050,679,0.01
Cl,1243 (893 @ 7768),669,669,0.14
Cl,1278 (918 @ 7768),778,778,0.17
Cl,1434 (1029 @ 7768),948,874,0.09
Cl,1445 (1038 @ 7768),1511,1511,0.1
H,1511 (1080 @ 7768),1445,1856,0.01
H,1547 (1108 @ 7768),1771,1050,0.02
H,1653 (1189 @ 7768),2300,1722,0.02
Cl,1699 (1216 @ 7768),1127,778,0.32
Cl,1771 (1265 @ 7768),1547,1547,0.15
H,2097 (1513 @ 7768),2166,2166,0.01
Cl,2166 (1568 @ 7768),2097,2470,0.43
H,2171 (1572 @ 7768),2238,2238,0.02
Cl,2238 (1624 @ 7768),2171,2171,0.22
Cl,2285 (1657 @ 7768),2782,2782,0.5
Cl,2300 (1665 @ 7768),1653,1653,0.1
H,2424 (1757 @ 7768),2936,2936,0.05
H,2782 (2019 @ 7768),2285,2285,0.01
H,2913 (2112 @ 7768),3008,2910,0.01
Cl,2936 (2125 @ 7768),2424,2841,0.19
Cl,3008 (2176 @ 7768),2913,1474,0.08
Cl,3437 (2477 @ 7768),3514,934,0.28
H,3514 (2529 @ 7768),3437,3437,0.01
H,71 (50 @ 7869),488,488,0.01
Cl,137 (97 @ 7869),1798,215,0.06
Cl,332 (230 @ 7869),1342,1342,0.11
Cl,488 (339 @ 7869),71,3082,0.17
Cl,606 (426 @ 7869),1041,1041,0.65
Cl,679 (477 @ 7869),825,825,0.42
H,825 (580 @ 7869),679,679,0.02
H,1041 (734 @ 7869),606,606,0.02
H,1342 (955 @ 7869),332,332,0.01
H,1426 (1010 @ 7869),2945,2945,0.01
Cl,1602 (1130 @ 7869),1608,1608,0.12
H,1608 (1135 @ 7869),1602,1602,0.01
H,1631 (1153 @ 7869),2131,2131,0.04
H,1798 (1267 @ 7869),137,1208,0.02
H,1965 (1389 @ 7869),2011,2011,0.03
Cl,2011 (1423 @ 7869),1965,1965,0.04
Cl,2131 (1518 @ 7869),1631,1631,0.47
Cl,2945 (2103 @ 7869),1426,1426,0.16
Cl,3485 (2481 @ 7869),3491,3491,0.13
H,3491 (2487 @ 7869),3485,3485,0.01
H,142 (99 @ 7970),3176,3176,0.02
Cl,223 (154 @ 7970),226,226,0.04
H,226 (157 @ 7970),223,223,0.02
Cl,439 (298 @ 7970),945,945,0.23
H,502 (345 @ 7970),3090,3090,0.01
Cl,510 (352 @ 7970),513,1965,0.15
H,513 (353 @ 7970),510,954,0.01
Cl,594 (412 @ 7970),599,599,0.18
H,599 (415 @ 7970),594,594,0.04
Cl,703 (489 @ 7970),1211,1211,0.48
H,945 (657 @ 7970),439,439,0.02
H,1211 (853 @ 7970),703,703,0.01
H,1329 (939 @ 7970),1421,1421,0.01
Cl,1421 (998 @ 7970),1329,1329,0.34
H,1521 (1062 @ 7970),3019,3019,0.01
Cl,1639 (1148 @ 7970),2651,2160,0.18
Cl,1856 (1295 @ 7970),1860,1860,0.09
H,1860 (1296 @ 7970),1856,1856,0.01
H,2074 (1459 @ 7970),2646,2646,0.01
Cl,2646 (1878 @ 7970),2074,2074,0.37
H,2651 (1882 @ 7970),1639,1639,0.01
Cl,3019 (2137 @ 7970),1521,2459,0.34
Cl,3090 (2186 @ 7970),502,502,0.37
Cl,3126 (2210 @ 7970),3129,3129,0.58
H,3129 (2213 @ 7970),3126,3126,0.01
Cl,3176 (2246 @ 7970),142,3107,0.41
H,117 (82 @ 8071),691,691,0.02
H,179 (120 @ 8071),318,318,0.04
Cl,188 (127 @ 8071),1270,780,0.17
Cl,318 (216 @ 8071),179,681,0.12
H,360 (240 @ 8071),848,848,0.01
Cl,452 (305 @ 8071),886,886,0.99
Cl,691 (472 @ 8071),117,117,0.2
Cl,848 (579 @ 8071),360,360,0.1
H,886 (607 @ 8071),452,452,0.01
H,1270 (880 @ 8071),188,188,0.02
H,2482 (1734 @ 8071),2573,2573,0.01
Cl,2573 (1803 @ 8071),2482,2482,0.01
Cl,2863 (2009 @ 8071),3357,383,0.16
H,3333 (2329 @ 8071),3486,3486,0.02
H,3357 (2345 @ 8071),2863,2863,0.02
Cl,3486 (2437 @ 8071),3333,3333,0.07
H,252 (170 @ 8172),3341,3341,0.03
Cl,596 (399 @ 8172),3346,3346,0.1
H,828 (557 @ 8172),955,955,0.02
Cl,955 (646 @ 8172),828,828,0.17
H,1019 (691 @ 8172),1085,1085,0.02
Cl,1085 (739 @ 8172),1019,1019,0.18
H,1163 (798 @ 8172),1208,1208,0.03
Cl,1208 (831 @ 8172),1163,1798,0.09
Cl,2406 (1670 @ 8172),2988,2988,1.23
Cl,2574 (1792 @ 8172),3000,2841,0.05
H,2988 (2082 @ 8172),2406,2406,0.01
H,3000 (2088 @ 8172),2574,2996,0.02
Cl,3341 (2322 @ 8172),252,252,0.12
H,3346 (2324 @ 8172),596,596,0.02
Cl,3487 (2422 @ 8172),3489,3489,0.12
H,3489 (2424 @ 8172),3487,3487,0.02
H,202 (134 @ 8273),1157,1157,0.02
H,288 (191 @ 8273),1844,1844,0.02
Cl,380 (250 @ 8273),814,814,0.26
H,383 (252 @ 8273),883,883,0.01
H,394 (260 @ 8273),1411,1411,0.01
Cl,498 (330 @ 8273),3082,3082,0.16
H,814 (547 @ 8273),380,380,0.01
Cl,883 (594 @ 8273),383,383,0.11
Cl,1157 (787 @ 8273),202,202,0.06
H,1296 (880 @ 8273),1603,1208,0.01
Cl,1400 (955 @ 8273),1763,1763,0.12
Cl,1411 (960 @ 8273),394,394,0.07
Cl,1603 (1087 @ 8273),1296,1617,0.53
H,1617 (1097 @ 8273),1626,1626,0.02
Cl,1626 (1105 @ 8273),1617,1617,0.23
H,1763 (1195 @ 8273),1400,1400,0.02
Cl,1844 (1251 @ 8273),288,288,0.28
Cl,2876 (1995 @ 8273),3465,3465,0.34
H,3082 (2132 @ 8273),498,498,0.01
H,3465 (2392 @ 8273),2876,2876,0.03
H,369 (237 @ 8374),3332,3486,0.01
H,501 (327 @ 8374),509,581,0.01
Cl,509 (333 @ 8374),501,501,0.09
Cl,545 (357 @ 8374),1102,1102,0.2
H,1102 (738 @ 8374),545,545,0.02
Cl,1543 (1035 @ 8374),1560,1642,0.21
H,1560 (1048 @ 8374),1543,559,0.03
Cl,1853 (1242 @ 8374),2351,2351,0.17
H,1917 (1285 @ 8374),1985,1985,0.01
Cl,1985 (1335 @ 8374),1917,1917,0.05
H,2351 (1604 @ 8374),1853,1853,0.02
Cl,2562 (1759 @ 8374),3072,383,0.27
Cl,2575 (1766 @ 8374),3165,3165,0.34
H,3072 (2107 @ 8374),2562,2562,0.02
H,3165 (2167 @ 8374),2575,2575,0.01
Cl,3332 (2284 @ 8374),369,2901,0.04
H,3406 (2331 @ 8374),3475,3475,0.01
Cl,3475 (2381 @ 8374),3406,3406,0.19
Cl,68 (48 @ 8475),3466,82,0.03
Cl,209 (139 @ 8475),213,213,0.12
H,213 (142 @ 8475),209,209,0.01
Cl,559 (361 @ 8475),2073,1560,0.06
Cl,1182 (791 @ 8475),1485,1485,0.09
H,1485 (990 @ 8475),1182,1182,0.02
H,2073 (1395 @ 8475),559,559,0.02
Cl,2539 (1730 @ 8475),2542,2542,0.05
H,2542 (1733 @ 8475),2539,2539,0.01
H,2553 (1741 @ 8475),3125,3128,0.01
Cl,3125 (2128 @ 8475),2553,2553,0.11
H,3466 (2356 @ 8475),68,68,0.02
Cl,305 (197 @ 8576),876,876,0.07
Cl,582 (376 @ 8576),647,647,0.42
H,647 (414 @ 8576),582,582,0.03
H,682 (442 @ 8576),1230,1230,0.01
H,876 (573 @ 8576),305,305,0.01
Cl,905 (593 @ 8576),1269,1269,0.2
H,1005 (661 @ 8576),1075,1075,0.01
Cl,1075 (708 @ 8576),1005,575,0.1
H,1162 (773 @ 8576),1649,1649,0.07
Cl,1230 (818 @ 8576),682,682,0.81
Cl,1244 (827 @ 8576),1678,1678,0.56
H,1269 (843 @ 8576),905,905,0.01
Cl,1649 (1094 @ 8576),1162,1162,0.18
H,1678 (1110 @ 8576),1244,1244,0.03
H,1689 (1118 @ 8576),2118,2118,0.01
Cl,1877 (1242 @ 8576),1881,1881,0.04
H,1881 (1244 @ 8576),1877,1877,0.02
Cl,2118 (1420 @ 8576),1689,1689,0.97
Cl,2142 (1441 @ 8576),2145,2145,0.03
H,2145 (1443 @ 8576),2142,2130,0.01
Cl,2334 (1575 @ 8576),2337,2337,0.06
H,2337 (1578 @ 8576),2334,2334,0.01
H,2603 (1764 @ 8576),2755,2755,0.01
Cl,2755 (1876 @ 8576),2603,2603,0.29
Cl,2815 (1915 @ 8576),3393,3393,0.14
Cl,3235 (2189 @ 8576),3323,3323,0.08
H,3323 (2251 @ 8576),3235,3235,0.02
H,3393 (2297 @ 8576),2815,2815,0.01
Cl,41 (29 @ 8677),621,621,0.15
H,46 (31 @ 8677),2623,2623,0.01
H,178 (117 @ 8677),320,320,0.01
Cl,320 (206 @ 8677),178,611,0.42
Cl,581 (374 @ 8677),862,862,0.12
H,611 (390 @ 8677),678,678,0.01
H,621 (397 @ 8677),41,41,0.02
Cl,678 (437 @ 8677),611,96,0.48
Cl,737 (475 @ 8677),1246,1246,0.12
H,862 (559 @ 8677),581,353,0.01
H,1246 (818 @ 8677),737,737,0.02
H,1440 (944 @ 8677),1868,1868,0.02
H,1740 (1136 @ 8677),2802,2802,0.01
Cl,1783 (1165 @ 8677),2795,2795,0.59
Cl,1868 (1220 @ 8677),1440,1440,0.15
Cl,2069 (1368 @ 8677),2075,1570,0.71
H,2075 (1372 @ 8677),2069,2214,0.02
Cl,2623 (1757 @ 8677),46,46,0.72
H,2721 (1832 @ 8677),3128,3128,0.02
H,2795 (1878 @ 8677),1783,1783,0.02
Cl,2802 (1883 @ 8677),1740,1740,0.08
H,2841 (1907 @ 8677),2924,2936,0.02
Cl,2924 (1963 @ 8677),2841,2841,0.06
Cl,3128 (2094 @ 8677),2721,3336,0.31
Cl,54 (36 @ 8778),3093,3093,0.21
Cl,115 (77 @ 8778),201,3155,0.98
H,130 (86 @ 8778),487,487,0.01
H,201 (129 @ 8778),115,115,0.02
Cl,487 (310 @ 8778),130,130,0.31
H,634 (398 @ 8778),1124,1124,0.02
H,684 (432 @ 8778),3413,248,0.01
Cl,1124 (730 @ 8778),634,634,0.34
H,1257 (813 @ 8778),1340,1340,0.02
Cl,1340 (872 @ 8778),1257,1257,0.47
Cl,1518 (981 @ 8778),1953,1953,0.22
H,1715 (1104 @ 8778),1855,1855,0.01
Cl,1855 (1200 @ 8778),1715,1881,0.34
H,1953 (1265 @ 8778),1518,1518,0.02
H,2051 (1337 @ 8778),2480,2480,0.02
Cl,2072 (1355 @ 8778),2484,2484,0.11
Cl,2084 (1362 @ 8778),2422,2436,1.4
H,2422 (1602 @ 8778),2084,2084,0.01
Cl,2480 (1640 @ 8778),2051,2051,0.06
H,2484 (1641 @ 8778),2072,2072,0.02
Cl,2621 (1739 @ 8778),2724,2724,0.12
H,2724 (1815 @ 8778),2621,2621,0.01
H,3093 (2048 @ 8778),54,56,0.02
Cl,3413 (2256 @ 8778),684,684,0.04
H,143 (92 @ 8879),632,632,0.02
Cl,632 (392 @ 8879),143,143,0.05
H,1125 (723 @ 8879),1134,1134,0.01
Cl,1134 (729 @ 8879),1125,1125,0.1
Cl,2033 (1307 @ 8879),3012,2039,1.37
H,2687 (1766 @ 8879),3245,3245,0.02
H,3012 (1973 @ 8879),2033,2033,0.02
Cl,3245 (2124 @ 8879),2687,2687,0.03
Cl,7 (7 @ 8980),371,862,0.14
Cl,56 (37 @ 8980),60,60,0.44
H,60 (38 @ 8980),56,56,0.01
H,82 (51 @ 8980),437,7,0.01
H,371 (225 @ 8980),7,7,0.02
Cl,437 (268 @ 8980),82,82,0.3
H,564 (350 @ 8980),1076,1076,0.03
Cl,1076 (682 @ 8980),564,564,0.01
H,1104 (704 @ 8980),1613,1613,0.01
Cl,1613 (1030 @ 8980),1104,1104,0.27
Cl,572 (349 @ 9081),947,947,0.02
H,575 (351 @ 9081),1002,1075,0.01
H,947 (588 @ 9081),572,572,0.03
Cl,1002 (627 @ 9081),575,561,0.27
H,1187 (749 @ 9081),1253,1253,0.01
Cl,1253 (791 @ 9081),1187,1187,0.14
H,1392 (882 @ 9081),1866,1866,0.01
Cl,1866 (1178 @ 9081),1392,1307,0.49
Cl,2130 (1363 @ 9081),2663,2663,0.15
H,2663 (1733 @ 9081),2130,2658,0.02
H,120 (74 @ 9182),2119,248,0.02
H,719 (437 @ 9182),763,763,0.02
Cl,763 (470 @ 9182),719,719,0.58
Cl,919 (566 @ 9182),995,1366,0.27
H,995 (619 @ 9182),919,55,0.01
Cl,1016 (632 @ 9182),2446,2446,0.27
Cl,2119 (1346 @ 9182),120,120,0.21
H,2446 (1574 @ 9182),1016,2012,0.02
Cl,3041 (1968 @ 9182),3048,3048,0.27
H,3048 (1971 @ 9182),3041,3041,0.01
H,35 (23 @ 9283),3127,3127,0.02
H,190 (113 @ 9283),248,248,0.03
Cl,248 (150 @ 9283),190,190,0.06
H,767 (469 @ 9283),1901,1194,0.01
Cl,1460 (911 @ 9283),1463,1463,0.44
H,1462 (912 @ 9283),3104,102,0.02
H,1463 (913 @ 9283),1460,1460,0.02
H,1548 (965 @ 9283),1952,1952,0.02
Cl,1650 (1032 @ 9283),2232,2232,0.11
Cl,1901 (1186 @ 9283),767,767,0.01
Cl,1952 (1223 @ 9283),1548,1548,0.31
H,2232 (1423 @ 9283),1650,1650,0.01
Cl,2960 (1905 @ 9283),2976,2976,0.66
H,2976 (1918 @ 9283),2960,2960,0.02
Cl,3080 (1982 @ 9283),3249,3249,0.17
Cl,3104 (1997 @ 9283),1462,1462,0.21
Cl,3127 (2010 @ 9283),35,35,1.07
H,3249 (2089 @ 9283),3080,3080,0.04
Cl,31 (19 @ 9384),563,563,0.39
Cl,197 (117 @ 9384),203,203,0.53
H,203 (118 @ 9384),197,3236,0.02
H,563 (339 @ 9384),31,31,0.01
H,694 (417 @ 9384),761,761,0.01
Cl,761 (463 @ 9384),694,263,1.34
Cl,1231 (763 @ 9384),1236,1236,0.06
H,1236 (765 @ 9384),1231,1939,0.01
H,1570 (973 @ 9384),1685,1577,0.01
Cl,1685 (1044 @ 9384),1570,1570,0.06
Cl,2357 (1492 @ 9384),2363,2363,0.07
H,2363 (1495 @ 9384),2357,1015,0.02
Cl,2909 (1865 @ 9384),3334,3334,0.17
H,3084 (1968 @ 9384),3149,3149,0.04
Cl,3149 (2006 @ 9384),3084,3084,0.3
H,3167 (2016 @ 9384),3222,3222,0.01
Cl,3222 (2054 @ 9384),3167,3167,0.04
H,3334 (2128 @ 9384),2909,2909,0.02
Cl,42 (26 @ 9485),503,503,0.18
H,227 (130 @ 9485),2911,2911,0.02
H,503 (299 @ 9485),42,67,0.01
H,562 (335 @ 9485),1148,692,0.01
H,933 (563 @ 9485),967,967,0.01
Cl,967 (586 @ 9485),933,933,0.41
Cl,1112 (683 @ 9485),2062,2062,0.27
H,1116 (686 @ 9485),1172,1172,0.02
Cl,1148 (703 @ 9485),562,562,0.06
Cl,1172 (720 @ 9485),1116,1116,0.27
H,1210 (744 @ 9485),1375,1493,0.02
Cl,1375 (847 @ 9485),1210,1305,0.41
H,2062 (1281 @ 9485),1112,1112,0.06
H,2207 (1381 @ 9485),3248,3248,0.01
Cl,2396 (1506 @ 9485),2697,2697,0.1
H,2397 (1507 @ 9485),2971,2971,0.02
H,2697 (1717 @ 9485),2396,2696,0.03
Cl,2730 (1740 @ 9485),2735,2735,0.16
H,2735 (1742 @ 9485),2730,2730,0.02
Cl,2911 (1853 @ 9485),227,227,0.2
Cl,2971 (1888 @ 9485),2397,2397,0.07
Cl,3248 (2054 @ 9485),2207,2207,0.55
H,408 (236 @ 9586),3308,3308,0.02
H,1317 (798 @ 9586),2502,2502,0.02
Cl,1493 (903 @ 9586),1677,1210,0.24
H,1677 (1016 @ 9586),1493,1493,0.01
Cl,1940 (1184 @ 9586),1944,2374,0.46
H,1944 (1186 @ 9586),1940,2502,0.01
H,2399 (1493 @ 9586),2972,2167,0.02
Cl,2502 (1565 @ 9586),1317,1317,0.1
Cl,2972 (1868 @ 9586),2399,2399,0.06
Cl,3308 (2072 @ 9586),408,408,0.66
Cl,857 (512 @ 9687),864,864,0.12
H,864 (514 @ 9687),857,857,0.02
Cl,1843 (1118 @ 9687),1845,1343,0.06
H,1845 (1119 @ 9687),1843,2419,0.01
Cl,1928 (1169 @ 9687),2374,2374,0.18
H,2374 (1470 @ 9687),1928,1940,0.02
H,238 (135 @ 9788),1829,1829,0.01
H,276 (158 @ 9788),3296,3296,0.01
Cl,402 (233 @ 9788),838,838,0.46
H,838 (497 @ 9788),402,402,0.03
Cl,1074 (645 @ 9788),1080,1080,0.14
H,1080 (649 @ 9788),1074,1073,0.01
H,1114 (675 @ 9788),1482,1482,0.02
Cl,1482 (893 @ 9788),1114,1114,0.35
Cl,1709 (1028 @ 9788),3261,3261,0.45
Cl,1829 (1106 @ 9788),238,238,0.22
Cl,2287 (1414 @ 9788),2601,2662,0.05
H,2411 (1491 @ 9788),3056,2492,0.03
H,2601 (1617 @ 9788),2287,2287,0.01
H,2685 (1678 @ 9788),2754,2754,0.02
Cl,2754 (1720 @ 9788),2685,1642,0.21
Cl,2839 (1771 @ 9788),3419,3419,0.16
Cl,3032 (1890 @ 9788),3035,3035,0.04
H,3035 (1892 @ 9788),3032,3032,0.01
Cl,3056 (1904 @ 9788),2411,2411,0.11
H,3261 (2026 @ 9788),1709,1709,0.01
Cl,3296 (2050 @ 9788),276,276,0.06
H,3419 (2125 @ 9788),2839,2839,0.01
Cl,102 (61 @ 9889),396,443,0.15
H,118 (70 @ 9889),3209,3209,0.01
Cl,353 (204 @ 9889),3429,3429,0.16
H,396 (226 @ 9889),102,379,0.01
Cl,786 (465 @ 9889),1066,1066,0.11
Cl,872 (515 @ 9889),960,960,0.11
H,960 (569 @ 9889),872,872,0.01
H,1066 (634 @ 9889),786,1637,0.02
H,1895 (1132 @ 9889),2419,1892,0.01
H,2136 (1297 @ 9889),2826,2826,0.03
H,2181 (1330 @ 9889),2765,2765,0.02
H,2279 (1398 @ 9889),2707,2707,0.02
Cl,2419 (1486 @ 9889),1895,1895,0.08
Cl,2611 (1612 @ 9889),3107,3107,0.45
H,2614 (1614 @ 9889),2897,2897,0.04
Cl,2707 (1680 @ 9889),2279,2279,0.11
Cl,2765 (1712 @ 9889),2181,2181,0.86
Cl,2826 (1748 @ 9889),2136,2136,0.28
Cl,2897 (1795 @ 9889),2614,2614,0.06
H,2975 (1839 @ 9889),3331,3331,0.02
Cl,2981 (1844 @ 9889),3430,3430,0.32
H,3107 (1913 @ 9889),2611,2611,0.02
Cl,3209 (1978 @ 9889),118,118,0.52
Cl,3224 (1983 @ 9889),3299,3299,0.16
H,3299 (2030 @ 9889),3224,3224,0.03
Cl,3331 (2051 @ 9889),2975,2975,0.23
H,3429 (2110 @ 9889),353,462,0.01
H,3430 (2111 @ 9889),2981,2981,0.02
Cl,871 (509 @ 9990),1907,1905,0.45
Cl,1087 (641 @ 9990),1596,1596,0.09
H,1090 (644 @ 9990),2154,2154,0.01
H,1596 (945 @ 9990),1087,1637,0.03
Cl,1817 (1081 @ 9990),1821,1821,0.07
H,1821 (1083 @ 9990),1817,1817,0.02
H,1907 (1131 @ 9990),871,871,0.01
Cl,2154 (1300 @ 9990),1090,1090,0.04
Cl,2407 (1464 @ 9990),3395,3395,0.07
Cl,2959 (1810 @ 9990),3033,3033,0.06
H,3033 (1853 @ 9990),2959,2959,0.02
H,3395 (2064 @ 9990),2407,2407,0.02
Cl,164 (92 @ 10091),3322,3322,0.18
Cl,295 (167 @ 10091),801,921,0.22
H,323 (182 @ 10091),3319,3319,0.02
Cl,392 (222 @ 10091),441,3429,0.04
H,441 (248 @ 10091),392,392,0.02
H,443 (250 @ 10091),463,149,0.01
Cl,463 (264 @ 10091),443,443,0.84
H,801 (466 @ 10091),295,295,0.01
Cl,847 (495 @ 10091),850,850,0.11
H,850 (497 @ 10091),847,847,0.02
H,1176 (691 @ 10091),1734,1734,0.01
Cl,1290 (755 @ 10091),1293,1293,0.21
H,1293 (757 @ 10091),1290,1290,0.02
H,1728 (1017 @ 10091),2214,2214,0.02
Cl,1734 (1023 @ 10091),1176,1176,0.28
H,1956 (1155 @ 10091),2070,2070,0.02
Cl,2036 (1211 @ 10091),2172,2169,1.07
Cl,2070 (1238 @ 10091),1956,1956,0.24
H,2172 (1305 @ 10091),2036,2036,0.03
Cl,2214 (1333 @ 10091),1728,1728,0.15
Cl,3030 (1842 @ 10091),3456,3442,0.18
Cl,3319 (2007 @ 10091),323,323,0.58
H,3322 (2009 @ 10091),164,164,0.01
H,3456 (2088 @ 10091),3030,3030,0.02
H,225 (125 @ 10192),3509,224,0.02
Cl,1040 (601 @ 10192),1320,1320,0.03
H,1320 (766 @ 10192),1040,1086,0.01
Cl,1772 (1031 @ 10192),1811,1306,0.45
H,1811 (1057 @ 10192),1772,1303,0.01
Cl,3509 (2094 @ 10192),225,225,0.18
H,372 (203 @ 10293),2984,2984,0.01
Cl,629 (352 @ 10293),1943,1943,0.18
H,803 (458 @ 10293),836,1759,0.01
Cl,836 (479 @ 10293),803,803,0.16
H,1416 (819 @ 10293),1721,1794,0.02
Cl,1721 (997 @ 10293),1416,1416,0.16
H,1943 (1129 @ 10293),629,629,0.02
Cl,2060 (1208 @ 10293),2063,2063,0.06
H,2063 (1210 @ 10293),2060,2060,0.02
H,2267 (1346 @ 10293),2394,1700,0.01
Cl,2394 (1422 @ 10293),2267,2267,0.17
Cl,2984 (1790 @ 10293),372,372,0.15
Cl,499 (278 @ 10394),2592,3444,0.05
H,717 (405 @ 10394),1301,1301,0.01
Cl,1086 (623 @ 10394),1092,1320,0.18
H,1092 (626 @ 10394),1086,1086,0.01
Cl,1301 (745 @ 10394),717,717,0.11
H,1343 (773 @ 10394),2417,2417,0.02
Cl,1399 (809 @ 10394),1824,1824,0.08
H,1824 (1052 @ 10394),1399,1399,0.02
H,2157 (1263 @ 10394),2586,2586,0.02
H,2184 (1280 @ 10394),3173,3173,0.01
Cl,2417 (1428 @ 10394),1343,1343,0.07
Cl,2586 (1536 @ 10394),2157,2157,0.64
H,2592 (1538 @ 10394),499,499,0.01
H,2844 (1695 @ 10394),3283,2934,0.03
Cl,3173 (1880 @ 10394),2184,2184,0.06
Cl,3283 (1948 @ 10394),2844,2844,0.15
Cl,210 (116 @ 10495),3240,3240,0.81
H,480 (268 @ 10495),3440,929,0.01
H,561 (313 @ 10495),1073,1073,0.01
Cl,654 (362 @ 10495),657,657,0.25
H,657 (365 @ 10495),654,654,0.02
Cl,738 (415 @ 10495),744,744,0.04
H,744 (420 @ 10495),738,738,0.01
Cl,869 (491 @ 10495),1307,1307,0.08
Cl,1073 (613 @ 10495),561,561,0.25
H,1307 (745 @ 10495),869,869,0.02
H,1762 (1010 @ 10495),2202,2202,0.02
H,1919 (1099 @ 10495),2503,2503,0.01
H,1930 (1106 @ 10495),2408,2408,0.02
Cl,2168 (1262 @ 10495),2241,2241,0.52
Cl,2202 (1282 @ 10495),1762,1762,0.21
H,2241 (1310 @ 10495),2168,2237,0.02
Cl,2408 (1410 @ 10495),1930,1930,0.42
Cl,2503 (1471 @ 10495),1919,1919,0.09
H,2628 (1548 @ 10495),3198,3198,0.03
Cl,2789 (1652 @ 10495),2793,2793,0.39
H,2793 (1654 @ 10495),2789,2789,0.01
Cl,3198 (1886 @ 10495),2628,2628,0.16
H,3240 (1905 @ 10495),210,210,0.01
Cl,3440 (2022 @ 10495),480,480,0.21
Cl,53 (31 @ 10596),492,492,0.13
H,322 (177 @ 10596),1314,1338,0.01
H,492 (271 @ 10596),53,476,0.02
Cl,1314 (741 @ 10596),322,322,0.04
H,1366 (771 @ 10596),1830,1830,0.03
Cl,1830 (1038 @ 10596),1366,1355,0.04
H,2169 (1249 @ 10596),2237,2237,0.01
Cl,2237 (1293 @ 10596),2169,2169,0.41
H,2493 (1447 @ 10596),2550,2550,0.01
Cl,2550 (1486 @ 10596),2493,2493,0.08
Cl,224 (122 @ 10697),3444,3444,0.18
Cl,440 (238 @ 10697),1318,1318,0.01
Cl,656 (357 @ 10697),660,660,0.47
H,660 (359 @ 10697),656,1158,0.02
H,852 (471 @ 10697),1422,1422,0.01
H,1089 (610 @ 10697),1229,1229,0.02
Cl,1229 (691 @ 10697),1089,730,0.31
H,1318 (739 @ 10697),440,440,0.01
Cl,1422 (797 @ 10697),852,852,0.04
Cl,1892 (1065 @ 10697),1967,1967,0.11
H,1967 (1108 @ 10697),1892,860,0.02
Cl,1973 (1113 @ 10697),2361,1488,0.57
H,2361 (1358 @ 10697),1973,2395,0.01
H,3444 (1990 @ 10697),224,224,0.01
Cl,713 (390 @ 10798),1233,1233,0.05
H,730 (398 @ 10798),920,920,0.02
Cl,860 (471 @ 10798),1980,1833,0.06
Cl,920 (502 @ 10798),730,730,0.28
H,1068 (592 @ 10798),1652,1652,0.01
H,1233 (685 @ 10798),713,713,0.02
Cl,1541 (859 @ 10798),1833,1833,0.23
Cl,1652 (927 @ 10798),1068,1068,0.09
H,1739 (971 @ 10798),3320,2552,0.02
H,1833 (1025 @ 10798),1541,2009,0.02
H,1980 (1104 @ 10798),860,860,0.02
H,2039 (1146 @ 10798),2478,379,0.01
Cl,2129 (1205 @ 10798),2135,2135,0.5
H,2135 (1209 @ 10798),2129,1784,0.01
H,2229 (1267 @ 10798),2454,2228,0.03
Cl,2454 (1400 @ 10798),2229,2229,0.06
Cl,2478 (1417 @ 10798),2039,2039,0.28
H,3045 (1752 @ 10798),3329,3329,0.02
Cl,3320 (1907 @ 10798),1739,1739,0.02
Cl,3329 (1912 @ 10798),3045,3045,0.19
H,23 (13 @ 10899),956,956,0.02
H,83 (44 @ 10899),3161,3161,0.01
H,216 (117 @ 10899),3103,3103,0.01
Cl,284 (155 @ 10899),2506,2506,0.42
Cl,307 (167 @ 10899),2220,2652,0.11
H,370 (198 @ 10899),884,884,0.01
Cl,884 (479 @ 10899),370,370,0.07
H,897 (486 @ 10899),3391,893,0.01
Cl,956 (522 @ 10899),23,23,0.08
H,1282 (703 @ 10899),1988,1937,0.02
Cl,1304 (717 @ 10899),1883,1044,0.32
H,1319 (726 @ 10899),3257,2395,0.03
Cl,1328 (733 @ 10899),1439,1871,0.17
H,1439 (792 @ 10899),1328,1328,0.01
H,1883 (1040 @ 10899),1304,1304,0.02
Cl,1988 (1100 @ 10899),1282,1282,0.31
H,2220 (1245 @ 10899),307,2225,0.01
H,2506 (1415 @ 10899),284,2492,0.05
Cl,3103 (1766 @ 10899),216,216,0.12
Cl,3161 (1798 @ 10899),83,83,0.03
Cl,3236 (1840 @ 10899),3237,3237,0.35
H,3237 (1841 @ 10899),3236,272,0.01
Cl,3257 (1852 @ 10899),1319,1319,0.1
Cl,3391 (1929 @ 10899),897,1390,0.26
H,273 (146 @ 11000),3234,3234,0.02
H,683 (365 @ 11000),1207,667,0.05
Cl,834 (451 @ 11000),875,897,1.21
H,875 (467 @ 11000),834,834,0.01
H,1029 (557 @ 11000),1842,1842,0.01
H,1185 (644 @ 11000),1205,1205,0.01
Cl,1205 (658 @ 11000),1185,1185,0.32
Cl,1207 (659 @ 11000),683,1643,0.57
H,1305 (707 @ 11000),1820,1820,0.03
Cl,1820 (996 @ 11000),1305,1305,0.54
Cl,1842 (1007 @ 11000),1029,1029,0.04
Cl,2225 (1233 @ 11000),2698,2698,0.13
Cl,2600 (1457 @ 11000),3094,3094,0.12
H,2698 (1523 @ 11000),2225,2225,0.03
H,3094 (1741 @ 11000),2600,2660,0.02
Cl,3174 (1784 @ 11000),3178,3178,0.04
H,3178 (1787 @ 11000),3174,3174,0.01
Cl,3234 (1819 @ 11000),273,273,0.09
Cl,55 (30 @ 11101),1992,1282,0.26
Cl,438 (229 @ 11101),1390,1390,0.11
H,1042 (560 @ 11101),2477,2477,0.01
Cl,1169 (632 @ 11101),1656,1656,0.11
H,1390 (745 @ 11101),438,438,0.01
Cl,1433 (767 @ 11101),1437,1437,0.32
H,1437 (768 @ 11101),1433,1433,0.02
H,1618 (873 @ 11101),2228,2228,0.02
H,1656 (898 @ 11101),1169,1169,0.01
H,1992 (1075 @ 11101),55,55,0.05
Cl,2141 (1173 @ 11101),2794,2794,0.2
Cl,2228 (1223 @ 11101),1618,2831,0.23
Cl,2477 (1371 @ 11101),1042,1042,0.69
H,2794 (1562 @ 11101),2141,2141,0.02
Cl,3007 (1683 @ 11101),3370,3467,0.05
H,3370 (1873 @ 11101),3007,2526,0.01
H,1164 (624 @ 11202),2312,2312,0.03
Cl,1481 (786 @ 11202),2398,2398,0.12
H,1559 (833 @ 11202),1758,1758,0.02
H,1620 (866 @ 11202),2720,2720,0.01
Cl,1758 (942 @ 11202),1559,1559,0.36
H,1846 (988 @ 11202),2465,2465,0.01
H,1871 (999 @ 11202),2012,2012,0.01
H,1918 (1026 @ 11202),3017,3017,0.01
Cl,2012 (1080 @ 11202),1871,1437,0.17
Cl,2095 (1134 @ 11202),2471,1846,0.31
Cl,2153 (1169 @ 11202),2255,2255,0.03
H,2217 (1205 @ 11202),2779,2779,0.01
H,2255 (1228 @ 11202),2153,2645,0.03
Cl,2312 (1261 @ 11202),1164,1164,0.21
H,2314 (1263 @ 11202),2814,2814,0.01
H,2398 (1310 @ 11202),1481,1481,0.01
Cl,2465 (1351 @ 11202),1846,1846,0.4
H,2471 (1354 @ 11202),2095,2095,0.01
Cl,2720 (1511 @ 11202),1620,2507,0.06
Cl,2779 (1542 @ 11202),2217,2217,0.58
Cl,2814 (1559 @ 11202),2314,2314,0.06
Cl,3017 (1674 @ 11202),1918,2064,0.35
Cl,3451 (1904 @ 11202),3479,3479,0.05
H,3479 (1920 @ 11202),3451,2492,0.01
Cl,1759 (938 @ 11303),1954,1954,0.12
Cl,1784 (952 @ 11303),2196,2110,0.22
Cl,1938 (1031 @ 11303),2148,2148,0.38
H,1954 (1037 @ 11303),1759,2886,0.02
H,2133 (1147 @ 11303),2552,2395,0.02
H,2148 (1154 @ 11303),1938,1938,0.02
H,2196 (1181 @ 11303),1784,1784,0.01
H,2316 (1249 @ 11303),2381,2381,0.02
Cl,2381 (1286 @ 11303),2316,2316,0.14
Cl,2552 (1386 @ 11303),2133,1739,0.21
H,33 (19 @ 11404),3185,3185,0.05
H,334 (173 @ 11404),474,474,0.01
Cl,474 (249 @ 11404),334,334,1.31
H,741 (393 @ 11404),3282,3197,0.01
Cl,1338 (712 @ 11404),1680,1680,0.11
Cl,1361 (723 @ 11404),1870,1870,0.09
H,1680 (896 @ 11404),1338,1338,0.01
Cl,1781 (949 @ 11404),1785,1785,0.03
H,1785 (951 @ 11404),1781,1781,0.03
H,1870 (990 @ 11404),1361,1361,0.02
Cl,1999 (1059 @ 11404),2519,2519,0.13
Cl,2022 (1074 @ 11404),2459,2459,0.09
H,2459 (1321 @ 11404),2022,2022,0.01
H,2519 (1354 @ 11404),1999,1999,0.01
Cl,2525 (1359 @ 11404),3478,3478,0.04
Cl,2540 (1370 @ 11404),2901,2901,0.11
H,2901 (1581 @ 11404),2540,2540,0.02
Cl,3029 (1650 @ 11404),3527,3467,0.15
Cl,3055 (1660 @ 11404),3516,3516,0.17
Cl,3185 (1729 @ 11404),33,2842,0.12
Cl,3282 (1780 @ 11404),741,741,0.14
H,3478 (1886 @ 11404),2525,2525,0.01
H,3516 (1902 @ 11404),3055,3055,0.02
H,3527 (1910 @ 11404),3029,3029,0.01
H,94 (49 @ 11505),3188,3188,0.03
Cl,1577 (835 @ 11505),2565,2565,0.03
H,1643 (873 @ 11505),1937,1937,0.03
Cl,1937 (1018 @ 11505),1643,1282,0.21
Cl,1964 (1030 @ 11505),2253,2253,0.11
H,2253 (1196 @ 11505),1964,1964,0.01
Cl,2420 (1287 @ 11505),2421,2421,0.21
H,2421 (1288 @ 11505),2420,2420,0.01
H,2565 (1367 @ 11505),1577,2645,0.01
Cl,3188 (1711 @ 11505),94,3119,0.01
Cl,90 (45 @ 11606),743,743,0.11
H,309 (159 @ 11606),1388,1388,0.01
H,454 (232 @ 11606),2492,2492,0.02
Cl,605 (317 @ 11606),958,958,0.14
H,743 (389 @ 11606),90,90,0.01
Cl,764 (404 @ 11606),1534,1488,0.1
H,958 (504 @ 11606),605,605,0.04
H,1355 (712 @ 11606),1807,775,0.03
Cl,1388 (731 @ 11606),309,309,0.04
H,1534 (808 @ 11606),764,764,0.02
Cl,1565 (828 @ 11606),2159,2159,0.02
Cl,1807 (954 @ 11606),1355,1355,0.26
H,2159 (1139 @ 11606),1565,2155,0.02
Cl,2492 (1318 @ 11606),454,454,0.65
Cl,2598 (1377 @ 11606),3525,3525,0.01
H,3525 (1875 @ 11606),2598,2598,0.01
Cl,416 (211 @ 11707),3071,3071,0.51
H,442 (223 @ 11707),811,811,0.01
Cl,523 (266 @ 11707),600,600,0.14
H,576 (296 @ 11707),1926,1926,0.03
H,600 (309 @ 11707),523,523,0.01
Cl,762 (398 @ 11707),3347,3347,0.14
Cl,811 (423 @ 11707),442,442,0.1
H,946 (490 @ 11707),1495,1495,0.01
Cl,978 (508 @ 11707),1908,1908,0.09
H,1306 (682 @ 11707),1806,1806,0.02
Cl,1325 (693 @ 11707),1475,1475,0.08
H,1475 (764 @ 11707),1325,1325,0.02
Cl,1495 (774 @ 11707),946,946,0.17
Cl,1806 (942 @ 11707),1306,1306,0.19
H,1908 (985 @ 11707),978,1266,0.02
Cl,1926 (996 @ 11707),576,576,0.46
Cl,1974 (1018 @ 11707),2002,2002,0.01
H,2002 (1033 @ 11707),1974,1914,0.07
H,2278 (1190 @ 11707),3473,2395,0.01
Cl,2456 (1286 @ 11707),2469,2469,0.02
H,2469 (1292 @ 11707),2456,2456,0.01
H,2963 (1573 @ 11707),3005,3005,0.01
Cl,3005 (1596 @ 11707),2963,2963,0.09
H,3071 (1626 @ 11707),416,416,0.01
H,3119 (1649 @ 11707),3464,3188,0.01
Cl,3293 (1742 @ 11707),3371,3371,0.02
H,3347 (1765 @ 11707),762,762,0.03
H,3371 (1780 @ 11707),3293,3293,0.03
Cl,3464 (1832 @ 11707),3119,3119,0.1
Cl,3473 (1838 @ 11707),2278,2278,0.3
H,93 (47 @ 11808),390,3197,0.01
Cl,186 (98 @ 11808),1031,1031,0.06
H,287 (147 @ 11808),739,846,0.02
Cl,390 (199 @ 11808),93,2338,0.06
Cl,739 (378 @ 11808),287,287,0.15
Cl,932 (475 @ 11808),1428,1428,0.13
Cl,1028 (529 @ 11808),2675,2675,0.14
H,1031 (530 @ 11808),186,1386,0.01
Cl,1061 (547 @ 11808),1499,1499,0.08
H,1428 (729 @ 11808),932,932,0.01
Cl,1448 (740 @ 11808),1787,1787,0.46
H,1499 (764 @ 11808),1061,1061,0.01
H,1787 (917 @ 11808),1448,1448,0.01
Cl,1987 (1008 @ 11808),2003,2003,0.11
H,2003 (1016 @ 11808),1987,1987,0.01
H,2675 (1392 @ 11808),1028,1028,0.01
H,3381 (1759 @ 11808),3462,3415,0.01
Cl,3462 (1803 @ 11808),3381,3381,0.12
H,574 (288 @ 11909),3151,773,0.03
H,670 (337 @ 11909),1099,1099,0.02
Cl,773 (393 @ 11909),1295,1295,0.08
Cl,1099 (557 @ 11909),670,670,0.11
Cl,1160 (592 @ 11909),2230,2230,0.03
H,1295 (658 @ 11909),773,773,0.01
H,2230 (1130 @ 11909),1160,1160,0.01
Cl,2803 (1446 @ 11909),2865,2865,0.05
H,2865 (1479 @ 11909),2803,2803,0.01
Cl,3151 (1625 @ 11909),574,574,0.02
H,3168 (1633 @ 11909),3415,139,0.01
Cl,3415 (1759 @ 11909),3168,3381,0.06
Cl,139 (72 @ 12010),525,3168,0.06
H,525 (261 @ 12010),139,139,0.01
Cl,727 (367 @ 12010),887,887,0.24
H,887 (441 @ 12010),727,727,0.02
Cl,1158 (587 @ 12010),2292,2292,0.19
H,1379 (691 @ 12010),2009,2009,0.01
H,1632 (820 @ 12010),1664,1637,0.03
Cl,1664 (839 @ 12010),1632,2662,0.06
Cl,2009 (1000 @ 12010),1379,1379,0.12
H,2085 (1045 @ 12010),2156,2156,0.02
Cl,2156 (1086 @ 12010),2085,2085,0.31
H,2292 (1155 @ 12010),1158,775,0.01
Cl,2299 (1160 @ 12010),2892,3264,0.04
H,2338 (1182 @ 12010),2957,2263,0.04
Cl,2369 (1199 @ 12010),2375,2375,0.2
H,2375 (1201 @ 12010),2369,2384,0.02
H,2688 (1377 @ 12010),2694,2694,0.02
Cl,2694 (1382 @ 12010),2688,2662,0.15
H,2892 (1489 @ 12010),2299,2299,0.03
Cl,2957 (1524 @ 12010),2338,2338,0.09
H,477 (237 @ 12111),3065,3065,0.01
Cl,2058 (1022 @ 12111),2496,2496,0.49
Cl,2240 (1118 @ 12111),3118,3118,0.15
Cl,2489 (1243 @ 12111),2723,2723,0.17
H,2496 (1247 @ 12111),2058,2058,0.02
H,2723 (1381 @ 12111),2489,2489,0.02
H,2964 (1507 @ 12111),3438,3438,0.01
Cl,3065 (1555 @ 12111),477,477,0.03
H,3118 (1579 @ 12111),2240,2240,0.02
Cl,3438 (1742 @ 12111),2964,2964,0.1
Cl,1015 (508 @ 12212),2434,2434,0.18
Cl,1088 (544 @ 12212),2243,2243,0.6
Cl,1292 (645 @ 12212),1368,1368,0.09
H,1368 (679 @ 12212),1292,1292,0.01
H,1836 (910 @ 12212),2659,2660,0.02
H,2243 (1117 @ 12212),1088,1088,0.02
Cl,2430 (1212 @ 12212),2447,2447,0.14
H,2434 (1214 @ 12212),1015,1015,0.01
H,2447 (1221 @ 12212),2430,2430,0.01
Cl,2659 (1337 @ 12212),1836,1836,0.13
H,2927 (1482 @ 12212),3066,2996,0.01
Cl,3066 (1548 @ 12212),2927,2927,0.16
H,237 (117 @ 12313),344,344,0.02
Cl,344 (172 @ 12313),237,237,0.09
H,348 (173 @ 12313),979,979,0.02
Cl,979 (486 @ 12313),348,348,0.06
Cl,1386 (685 @ 12313),2123,1836,0.17
H,1522 (747 @ 12313),3379,3379,0.01
Cl,1733 (859 @ 12313),2529,2529,0.39
Cl,2034 (998 @ 12313),2855,2855,0.06
H,2061 (1016 @ 12313),2610,3380,0.03
H,2123 (1052 @ 12313),1386,2669,0.02
H,2529 (1253 @ 12313),1733,3379,0.01
Cl,2610 (1297 @ 12313),2061,2580,0.33
Cl,2731 (1370 @ 12313),3526,3526,0.41
H,2855 (1431 @ 12313),2034,2840,0.01
Cl,3379 (1689 @ 12313),1522,1522,0.19
H,3526 (1758 @ 12313),2731,2731,0.01
Cl,103 (53 @ 12414),456,456,0.17
Cl,343 (170 @ 12414),849,849,0.15
H,456 (220 @ 12414),103,103,0.01
H,849 (420 @ 12414),343,343,0.02
Cl,1026 (509 @ 12414),2134,2134,0.06
H,1149 (569 @ 12414),1508,1508,0.01
Cl,1508 (735 @ 12414),1149,1149,0.35
Cl,1616 (795 @ 12414),2049,2049,0.05
Cl,1637 (807 @ 12414),2086,2086,0.31
H,2049 (1001 @ 12414),1616,1616,0.01
H,2086 (1020 @ 12414),1637,1637,0.02
H,2134 (1048 @ 12414),1026,1026,0.02
H,381 (184 @ 12515),476,476,0.02
Cl,476 (230 @ 12515),381,381,0.11
Cl,547 (267 @ 12515),3177,144,0.12
H,2218 (1078 @ 12515),3078,3078,0.03
Cl,3078 (1516 @ 12515),2218,2218,0.16
H,3177 (1561 @ 12515),547,547,0.01
H,10 (7 @ 12616),3367,3367,0.01
Cl,65 (33 @ 12616),144,144,0.08
H,144 (72 @ 12616),65,547,0.01
Cl,464 (222 @ 12616),2183,2183,0.01
H,720 (350 @ 12616),893,893,0.02
Cl,893 (431 @ 12616),720,720,0.38
Cl,907 (438 @ 12616),1151,1151,0.21
H,1151 (562 @ 12616),907,907,0.02
Cl,1193 (582 @ 12616),2313,2313,0.37
Cl,1554 (752 @ 12616),2001,2001,0.25
H,1629 (791 @ 12616),2696,2696,0.01
Cl,1903 (917 @ 12616),3310,3310,0.17
H,2001 (962 @ 12616),1554,1554,0.01
H,2050 (989 @ 12616),2996,3488,0.02
H,2183 (1056 @ 12616),464,464,0.01
H,2313 (1121 @ 12616),1193,1193,0.01
Cl,2696 (1323 @ 12616),1629,1629,0.35
H,2771 (1360 @ 12616),3272,3272,0.01
Cl,2996 (1476 @ 12616),2050,2050,0.06
Cl,3272 (1603 @ 12616),2771,2771,0.62
H,3310 (1623 @ 12616),1903,1110,0.01
Cl,3367 (1651 @ 12616),10,10,0.17
H,420 (197 @ 12717),427,427,0.01
Cl,427 (202 @ 12717),420,420,0.13
H,1224 (588 @ 12717),1326,1326,0.03
Cl,1326 (637 @ 12717),1224,1224,0.08
Cl,1998 (949 @ 12717),2014,2014,0.2
H,2014 (954 @ 12717),1998,1998,0.01
Cl,2395 (1146 @ 12717),2543,2543,0.16
H,2543 (1218 @ 12717),2395,2395,0.01
H,2602 (1248 @ 12717),3187,3187,0.01
Cl,3187 (1542 @ 12717),2602,2602,0.11
H,3264 (1578 @ 12717),3269,3269,0.01
Cl,3269 (1583 @ 12717),3264,3264,0.06
H,430 (201 @ 12818),3089,3089,0.01
Cl,1638 (781 @ 12818),1761,191,0.13
Cl,1723 (819 @ 12818),1929,1929,0.09
H,1761 (839 @ 12818),1638,67,0.01
H,1929 (913 @ 12818),1723,1723,0.01
Cl,3089 (1488 @ 12818),430,430,0.08
H,96 (46 @ 12919),246,246,0.01
Cl,246 (118 @ 12919),96,96,0.4
H,696 (330 @ 12919),2742,2742,0.01
H,1535 (727 @ 12919),2645,2645,0.01
Cl,2263 (1071 @ 12919),2580,2580,0.05
H,2580 (1223 @ 12919),2263,2263,0.01
Cl,2645 (1260 @ 12919),1535,696,0.05
Cl,2742 (1315 @ 12919),696,696,0.32
H,528 (243 @ 13020),2274,846,0.02
Cl,775 (367 @ 13020),957,957,0.06
H,957 (452 @ 13020),775,775,0.01
H,1258 (596 @ 13020),2442,2442,0.01
H,1607 (761 @ 13020),2250,2250,0.02
Cl,2155 (1014 @ 13020),3132,3132,0.27
Cl,2250 (1061 @ 13020),1607,1607,1.08
Cl,2274 (1072 @ 13020),528,528,0.04
Cl,2442 (1153 @ 13020),1258,1258,0.07
H,3132 (1491 @ 13020),2155,2155,0.01
Cl,822 (390 @ 13121),1415,1415,0.09
Cl,929 (436 @ 13121),2961,2961,0.09
H,1056 (497 @ 13121),1374,1374,0.02
Cl,1109 (525 @ 13121),1655,1655,0.17
Cl,1374 (646 @ 13121),1056,1056,0.28
H,1415 (662 @ 13121),822,2120,0.02
H,1655 (778 @ 13121),1109,1109,0.01
H,2961 (1410 @ 13121),929,929,0.02
Cl,272 (131 @ 13222),2626,2626,0.05
H,936 (436 @ 13222),3428,3428,0.01
Cl,2335 (1085 @ 13222),3203,3203,0.23
H,2626 (1224 @ 13222),272,272,0.03
Cl,3175 (1495 @ 13222),3189,3189,0.09
H,3189 (1501 @ 13222),3175,3175,0.01
H,3203 (1509 @ 13222),2335,2743,0.01
Cl,3428 (1616 @ 13222),936,936,0.01
Cl,750 (352 @ 13323),2110,2110,0.33
Cl,1555 (722 @ 13323),1774,1774,0.35
H,1774 (822 @ 13323),1555,1555,0.01
H,2110 (978 @ 13323),750,750,0.01
Cl,2837 (1333 @ 13323),2890,2890,0.2
H,2890 (1364 @ 13323),2837,2837,0.02
Cl,91 (43 @ 13424),2064,2064,0.1
Cl,128 (61 @ 13424),3384,3384,0.13
Cl,1939 (893 @ 13424),2303,2303,0.12
Cl,2047 (943 @ 13424),2842,2842,0.04
H,2064 (949 @ 13424),91,91,0.02
H,2303 (1062 @ 13424),1939,1939,0.01
H,2842 (1330 @ 13424),2047,2273,0.02
Cl,3018 (1418 @ 13424),3190,3190,0.03
H,3190 (1490 @ 13424),3018,3018,0.01
H,3384 (1579 @ 13424),128,128,0.02
H,3431 (1603 @ 13424),3474,3474,0.01
Cl,3474 (1624 @ 13424),3431,108,0.26
Cl,92 (43 @ 13525),900,900,0.22
Cl,247 (115 @ 13525),587,587,0.45
H,587 (268 @ 13525),247,247,0.02
H,900 (414 @ 13525),92,92,0.01
H,1272 (591 @ 13525),2177,2177,0.02
H,1584 (731 @ 13525),1625,1625,0.02
Cl,1625 (753 @ 13525),1584,1584,0.14
Cl,1735 (801 @ 13525),2940,2940,0.47
Cl,2177 (1001 @ 13525),1272,1272,0.72
H,2940 (1375 @ 13525),1735,1735,0.01
H,108 (49 @ 13626),3449,270,0.01
H,2122 (968 @ 13626),3113,3113,0.01
H,2495 (1136 @ 13626),2718,2718,0.05
Cl,2718 (1260 @ 13626),2495,2495,0.13
H,2757 (1274 @ 13626),3246,3259,0.03
Cl,3113 (1440 @ 13626),2122,2122,0.07
Cl,3246 (1496 @ 13626),2757,2757,0.32
Cl,3449 (1592 @ 13626),108,108,0.04
Cl,692 (319 @ 13727),1737,1737,0.18
H,1737 (793 @ 13727),692,692,0.01
Cl,2887 (1336 @ 13727),3490,108,0.58
H,3490 (1600 @ 13727),2887,2887,0.03
H,95 (43 @ 13828),740,740,0.05
Cl,740 (339 @ 13828),95,95,0.2
Cl,1530 (699 @ 13828),3467,3467,0.62
H,1799 (820 @ 13828),2107,2107,0.01
Cl,2107 (958 @ 13828),1799,1799,0.58
Cl,2273 (1033 @ 13828),2507,2507,0.35
H,2507 (1136 @ 13828),2273,2273,0.01
H,3467 (1587 @ 13828),1530,1530,0.02
Cl,716 (329 @ 13929),2818,1161,0.05
Cl,1121 (516 @ 13929),1221,1161,0.01
H,1221 (561 @ 13929),1121,1121,0.01
H,2818 (1288 @ 13929),716,2672,0.01
H,444 (196 @ 14030),2912,2912,0.01
Cl,655 (297 @ 14030),1150,1161,0.02
H,1150 (526 @ 14030),655,655,0.05
Cl,2035 (913 @ 14030),2470,2470,0.04
H,2470 (1112 @ 14030),2035,2035,0.01
Cl,2515 (1132 @ 14030),3192,3192,0.36
Cl,2526 (1138 @ 14030),3358,3358,0.06
Cl,2912 (1335 @ 14030),444,444,0.05
H,3192 (1452 @ 14030),2515,2515,0.02
H,3358 (1526 @ 14030),2526,2526,0.01
H,34 (18 @ 14131),534,534,0.02
Cl,534 (239 @ 14131),34,34,0.26
Cl,138 (61 @ 14232),1113,1113,0.11
Cl,149 (67 @ 14232),816,816,0.08
H,465 (205 @ 14232),3354,3354,0.03
H,648 (289 @ 14232),2636,451,0.02
H,816 (368 @ 14232),149,149,0.01
H,1113 (506 @ 14232),138,138,0.02
Cl,1782 (801 @ 14232),2208,2339,0.04
H,2208 (988 @ 14232),1782,2648,0.02
Cl,2636 (1183 @ 14232),648,648,0.06
Cl,3354 (1514 @ 14232),465,465,0.12
H,756 (336 @ 14333),2969,2969,0.01
Cl,2969 (1342 @ 14333),756,756,0.48
H,250 (110 @ 14434),846,846,0.01
Cl,812 (362 @ 14434),972,972,0.18
Cl,846 (377 @ 14434),250,250,0.41
Cl,917 (404 @ 14434),1283,1283,0.34
H,972 (429 @ 14434),812,812,0.01
H,1283 (572 @ 14434),917,917,0.01
Cl,1567 (700 @ 14434),2400,2400,0.02
H,2400 (1065 @ 14434),1567,2708,0.02
H,2770 (1245 @ 14434),2827,2827,0.01
Cl,2827 (1271 @ 14434),2770,2770,0.06
Cl,451 (196 @ 14535),2902,2902,0.11
Cl,2405 (1062 @ 14535),2436,2436,0.24
H,2436 (1075 @ 14535),2405,2405,0.01
H,2699 (1205 @ 14535),3139,3139,0.01
H,2902 (1300 @ 14535),451,451,0.02
Cl,3139 (1399 @ 14535),2699,2699,0.25
Cl,1496 (657 @ 14636),1692,1692,0.16
H,1692 (744 @ 14636),1496,1362,0.01
H,1725 (761 @ 14636),2491,2491,0.01
Cl,1745 (770 @ 14636),2242,658,0.21
H,2242 (987 @ 14636),1745,1745,0.03
Cl,2491 (1095 @ 14636),1725,1725,0.21
H,2567 (1129 @ 14636),2683,2359,0.02
Cl,2683 (1196 @ 14636),2567,2567,0.07
Cl,140 (61 @ 14737),1438,1438,0.3
H,1438 (630 @ 14737),140,140,0.02
H,1450 (636 @ 14737),1724,1062,0.01
Cl,1724 (758 @ 14737),1450,2099,2.4
H,2111 (925 @ 14737),3044,3044,0.01
Cl,2189 (960 @ 14737),2231,2231,0.45
H,2231 (978 @ 14737),2189,2189,0.01
H,2578 (1128 @ 14737),3152,3152,0.03
Cl,3044 (1348 @ 14737),2111,2111,0.14
Cl,3152 (1391 @ 14737),2578,2578,0.06
Cl,270 (118 @ 14838),3275,2410,0.18
H,1245 (549 @ 14838),1601,1601,0.01
Cl,1601 (704 @ 14838),1245,1245,0.06
H,2087 (908 @ 14838),2167,2167,0.01
Cl,2167 (945 @ 14838),2087,2087,0.22
H,3275 (1431 @ 14838),270,270,0.01
H,335 (145 @ 14939),3260,3260,0.02
Cl,1062 (467 @ 14939),2037,2878,0.36
H,1199 (528 @ 14939),2648,2648,0.04
H,1200 (529 @ 14939),2336,2336,0.03
H,1704 (742 @ 14939),1794,1794,0.01
Cl,1794 (780 @ 14939),1704,1704,0.05
H,2015 (870 @ 14939),2660,2660,0.01
Cl,2023 (875 @ 14939),2532,2769,0.07
H,2037 (881 @ 14939),1062,1062,0.01
Cl,2336 (1011 @ 14939),1200,1200,0.01
H,2532 (1095 @ 14939),2023,3390,0.01
Cl,2648 (1150 @ 14939),1199,1199,0.15
Cl,2660 (1159 @ 14939),2015,2015,0.08
Cl,3260 (1421 @ 14939),335,335,0.7
Cl,1757 (760 @ 15040),2076,2076,0.13
H,2076 (890 @ 15040),1757,1832,0.02
H,2673 (1155 @ 15040),3284,3284,0.01
Cl,3284 (1417 @ 15040),2673,2673,0.14
H,312 (135 @ 15242),570,989,0.01
Cl,524 (224 @ 15242),1128,1128,0.67
Cl,570 (247 @ 15242),312,312,0.23
H,1128 (494 @ 15242),524,524,0.01
Cl,558 (240 @ 15343),2458,2458,0.09
Cl,607 (260 @ 15343),2412,2412,1.28
H,1018 (443 @ 15343),2899,2899,0.02
H,1197 (521 @ 15343),1313,1313,0.02
Cl,1313 (569 @ 15343),1197,1197,0.91
Cl,2345 (1002 @ 15343),2410,2410,0.28
H,2410 (1029 @ 15343),2345,2345,0.01
H,2412 (1030 @ 15343),607,607,0.02
H,2458 (1048 @ 15343),558,558,0.02
H,2638 (1127 @ 15343),2947,2947,0.02
Cl,2899 (1254 @ 15343),1018,1018,0.42
Cl,2947 (1275 @ 15343),2638,2638,0.06
H,405 (173 @ 15444),3020,2958,0.03
H,1007 (435 @ 15444),2081,2081,0.01
H,1776 (755 @ 15444),1890,1890,0.01
Cl,1890 (802 @ 15444),1776,2409,0.47
Cl,2081 (884 @ 15444),1007,1007,0.2
Cl,3020 (1293 @ 15444),405,405,0.22
H,1582 (676 @ 15545),2958,2081,0.01
Cl,2958 (1263 @ 15545),1582,405,0.41
Cl,535 (227 @ 15646),934,934,0.1
H,934 (398 @ 15646),535,306,0.01
H,2662 (1126 @ 15646),2840,2840,0.01
Cl,2840 (1206 @ 15646),2662,2662,0.26
Cl,1604 (684 @ 15747),2866,2866,0.5
H,2508 (1049 @ 15747),2658,2658,0.01
Cl,2658 (1122 @ 15747),2508,2661,0.15
H,2866 (1214 @ 15747),1604,1604,0.02
H,777 (333 @ 15848),1217,641,0.01
Cl,1217 (522 @ 15848),777,777,0.08
H,1161 (497 @ 15949),2672,2743,0.02
Cl,2672 (1124 @ 15949),1161,1161,0.04
Cl,212 (92 @ 16050),3359,3359,0.16
Cl,749 (321 @ 16050),3336,3336,0.11
H,1078 (461 @ 16050),2743,2743,0.04
Cl,2669 (1122 @ 16050),3251,3251,0.27
Cl,2743 (1155 @ 16050),1078,1078,0.06
H,3251 (1363 @ 16050),2669,2669,0.02
H,3336 (1399 @ 16050),749,749,0.01
H,3359 (1409 @ 16050),212,749,0.02
Cl,1700 (716 @ 16151),2327,2327,0.44
H,2327 (971 @ 16151),1700,1700,0.01
H,1174 (498 @ 16252),3259,3259,0.02
Cl,3259 (1360 @ 16252),1174,1174,0.25
Cl,668 (284 @ 16353),1751,1751,0.06
H,1751 (732 @ 16353),668,668,0.01
H,1905 (793 @ 16353),1915,1265,0.03
Cl,1915 (799 @ 16353),1905,1905,0.46
Cl,175 (75 @ 16454),3228,3228,0.03
H,1065 (452 @ 16454),2120,2120,0.01
Cl,2120 (880 @ 16454),1065,1065,0.05
H,3228 (1342 @ 16454),175,175,0.02
H,2205 (912 @ 16555),2708,2708,0.01
Cl,2708 (1126 @ 16555),2205,2158,0.18
Cl,881 (371 @ 16656),3309,3309,0.74
Cl,953 (401 @ 16656),2986,2986,0.2
H,2986 (1243 @ 16656),953,1519,0.02
H,3309 (1369 @ 16656),881,881,0.03
Cl,174 (74 @ 16757),2554,2554,0.48
Cl,281 (121 @ 16757),780,780,0.07
H,780 (329 @ 16757),281,1529,0.02
H,2554 (1050 @ 16757),174,462,0.01
H,1271 (527 @ 16858),1447,1447,0.01
Cl,1447 (599 @ 16858),1271,1294,0.16
H,11 (7 @ 16959),2922,2922,0.03
H,526 (218 @ 16959),1457,1457,0.01
Cl,1266 (526 @ 16959),1894,1894,0.18
Cl,1457 (603 @ 16959),526,526,0.2
H,1894 (776 @ 16959),1266,1266,0.01
Cl,2922 (1210 @ 16959),11,11,0.06
Cl,1110 (464 @ 17060),1425,1425,0.23
H,1425 (586 @ 17060),1110,809,0.01
H,2040 (830 @ 17060),2888,2682,0.01
Cl,2888 (1191 @ 17060),2040,2040,0.08
H,177 (73 @ 17161),2384,2384,0.02
Cl,185 (78 @ 17161),2877,2877,0.55
Cl,462 (190 @ 17161),3130,3130,0.13
Cl,666 (277 @ 17161),2831,2831,0.05
Cl,1111 (464 @ 17161),2193,2193,0.09
H,2193 (891 @ 17161),1111,1111,0.01
Cl,2384 (970 @ 17161),177,177,0.21
H,2831 (1158 @ 17161),666,666,0.01
H,2877 (1180 @ 17161),185,185,0.01
H,3130 (1279 @ 17161),462,462,0.02
H,107 (45 @ 17363),341,341,0.03
Cl,341 (141 @ 17363),107,107,0.18
H,384 (157 @ 17363),1459,1459,0.01
H,406 (166 @ 17363),2599,2599,0.03
Cl,500 (203 @ 17363),1497,1497,1.02
Cl,1459 (593 @ 17363),384,384,0.04
H,1497 (607 @ 17363),500,500,0.01
Cl,2599 (1050 @ 17363),406,406,1.66
H,514 (203 @ 17464),521,521,0.01
Cl,521 (208 @ 17464),514,514,0.23
Cl,2226 (893 @ 17464),3225,3225,0.06
Cl,2849 (1151 @ 17464),2938,2938,0.08
H,2938 (1189 @ 17464),2849,2849,0.02
H,3225 (1299 @ 17464),2226,2226,0.02
H,672 (268 @ 17565),2778,2778,0.01
Cl,2778 (1119 @ 17565),672,672,0.38
H,2409 (963 @ 17767),2432,2432,0.02
Cl,2432 (972 @ 17767),2409,2409,0.06
Cl,2983 (1200 @ 17767),3442,3442,0.13
H,3442 (1380 @ 17767),2983,2983,0.01
H,2158 (862 @ 17868),2682,2682,0.02
H,2518 (1000 @ 17868),3317,1914,0.03
Cl,2682 (1077 @ 17868),2158,2158,0.05
Cl,2874 (1155 @ 17868),3024,3024,0.28
H,3024 (1211 @ 17868),2874,2874,0.01
Cl,3317 (1325 @ 17868),2518,2518,0.29
H,239 (96 @ 17969),704,704,0.01
Cl,548 (217 @ 17969),790,790,0.04
Cl,704 (283 @ 17969),239,239,0.25
H,790 (317 @ 17969),548,548,0.01
H,2709 (1081 @ 18070),2851,2851,0.01
Cl,2851 (1137 @ 18070),2709,2709,0.04
Cl,2527 (999 @ 18171),2531,2531,0.06
H,2531 (1001 @ 18171),2527,1902,0.02
H,1488 (589 @ 18272),3380,3380,0.03
Cl,1532 (610 @ 18272),2616,2038,0.01
H,2616 (1035 @ 18272),1532,1532,0.02
Cl,3380 (1335 @ 18272),1488,2280,0.13
Cl,1194 (479 @ 18373),1679,1679,0.09
H,1679 (669 @ 18373),1194,1194,0.01
Cl,593 (233 @ 18474),2760,2760,1.75
Cl,1902 (751 @ 18474),2712,2712,0.04
Cl,2681 (1063 @ 18474),3418,3418,0.25
H,2712 (1074 @ 18474),1902,1902,0.02
H,2760 (1091 @ 18474),593,1397,0.02
H,3418 (1347 @ 18474),2681,2681,0.01
H,1138 (455 @ 18676),3390,3390,0.01
Cl,3390 (1329 @ 18676),1138,1138,0.05
Cl,677 (269 @ 18777),804,804,0.05
H,804 (317 @ 18777),677,677,0.02
H,1294 (509 @ 18979),3140,3140,0.04
Cl,3140 (1230 @ 18979),1294,1294,0.01
Cl,330 (134 @ 19181),1389,612,0.16
H,1389 (547 @ 19181),330,330,0.01
H,1546 (609 @ 19181),3343,3343,0.01
Cl,3343 (1305 @ 19181),1546,1546,0.65
H,1594 (626 @ 19282),2216,2216,0.03
Cl,2096 (820 @ 19282),2099,2099,0.14
H,2099 (821 @ 19282),2096,2096,0.02
Cl,2216 (867 @ 19282),1594,1594,0.38
Cl,5 (5 @ 19383),3288,3288,0.05
Cl,1242 (490 @ 19383),1786,3276,0.34
H,1786 (696 @ 19383),1242,1242,0.01
H,3288 (1276 @ 19383),5,5,0.01
H,646 (252 @ 19484),942,942,0.02
Cl,942 (369 @ 19484),646,646,0.05
H,3070 (1190 @ 19686),3365,3365,0.01
Cl,3365 (1300 @ 19686),3070,3070,0.14
Cl,2612 (1012 @ 19787),2878,2878,0.32
H,2878 (1118 @ 19787),2612,2612,0.01
H,81 (35 @ 19989),1962,1962,0.01
Cl,1529 (596 @ 19989),3417,3417,0.17
H,1606 (626 @ 19989),1628,1628,0.02
Cl,1628 (635 @ 19989),1606,1606,0.08
Cl,1962 (760 @ 19989),81,81,0.08
H,3417 (1317 @ 19989),1529,1529,0.01
H,249 (98 @ 20090),667,667,0.01
Cl,667 (260 @ 20090),249,249,0.12
Cl,2057 (794 @ 20090),2280,2280,0.09
Cl,2132 (822 @ 20090),2541,2541,0.4
H,2280 (876 @ 20090),2057,2057,0.03
H,2541 (977 @ 20090),2132,2132,0.02
H,2555 (982 @ 20090),3425,3425,0.01
Cl,3425 (1316 @ 20090),2555,2555,0.31
Cl,413 (162 @ 20292),981,981,0.26
H,981 (379 @ 20292),413,413,0.02
Cl,1316 (510 @ 20292),2674,2674,7.2
H,1558 (604 @ 20292),2372,2372,0.02
H,2244 (858 @ 20292),2261,2261,0.01
Cl,2261 (867 @ 20292),2244,2244,0.15
Cl,2372 (911 @ 20292),1558,1558,0.11
H,2674 (1027 @ 20292),1316,1316,0.01
H,921 (353 @ 20494),3197,3197,0.02
Cl,1004 (391 @ 20494),1557,1557,0.05
H,1557 (600 @ 20494),1004,2528,0.01
Cl,1961 (749 @ 20494),2637,2674,0.04
H,2637 (1002 @ 20494),1961,1961,0.02
Cl,3197 (1217 @ 20494),921,921,0.16
Cl,6 (5 @ 20696),2805,2805,1.29
H,214 (84 @ 20696),2790,2790,0.01
Cl,2705 (1028 @ 20696),3285,3285,0.03
Cl,2790 (1059 @ 20696),214,2784,0.01
H,2805 (1064 @ 20696),6,6,0.01
H,3285 (1241 @ 20696),2705,2705,0.02
H,1044 (403 @ 20797),2046,630,0.01
Cl,2046 (777 @ 20797),1044,1044,0.03
H,2604 (980 @ 20898),3488,1303,0.02
Cl,3488 (1308 @ 20898),2604,2604,0.05
H,478 (181 @ 20999),1100,641,0.03
Cl,1100 (425 @ 20999),478,478,0.59
H,1932 (730 @ 20999),2105,2105,0.03
Cl,2105 (798 @ 20999),1932,1847,0.03
H,706 (269 @ 21302),2393,2393,0.01
Cl,2393 (902 @ 21302),706,706,0.16
H,263 (100 @ 21403),2528,2528,0.01
Cl,630 (240 @ 21403),2340,3453,0.11
H,2340 (878 @ 21403),630,630,0.03
Cl,2490 (933 @ 21403),3453,3453,0.31
Cl,2528 (946 @ 21403),263,263,0.24
H,3453 (1288 @ 21403),2490,3392,0.03
Cl,1795 (675 @ 21605),1978,1978,1.69
H,1978 (741 @ 21605),1795,1795,0.01
Cl,2094 (787 @ 21605),2649,2649,0.09
H,2649 (987 @ 21605),2094,2094,0.02
Cl,1303 (493 @ 21807),2028,2028,0.01
H,2028 (758 @ 21807),1303,1303,0.01
H,2784 (1033 @ 21807),3101,3101,0.02
Cl,3101 (1153 @ 21807),2784,2784,0.47
Cl,641 (243 @ 21908),2819,2819,0.19
H,2819 (1043 @ 21908),641,641,0.02
Cl,2359 (878 @ 22009),2867,2028,0.37
H,2867 (1059 @ 22009),2359,1397,0.01
H,708 (266 @ 22211),2144,2144,0.01
Cl,751 (283 @ 22211),3369,3369,0.03
Cl,1349 (509 @ 22211),3513,681,0.01
Cl,1832 (685 @ 22211),2386,2386,0.35
Cl,2144 (798 @ 22211),708,708,0.99
H,2386 (886 @ 22211),1832,1832,0.02
H,3369 (1239 @ 22211),751,751,0.01
H,3513 (1291 @ 22211),1349,2695,0.01
H,839 (314 @ 22413),1038,1038,0.01
Cl,1038 (395 @ 22413),839,839,0.19
Cl,2597 (953 @ 22615),3011,3011,0.15
H,3011 (1103 @ 22615),2597,2597,0.01
Cl,1013 (384 @ 22817),1882,1882,0.01
H,1882 (698 @ 22817),1013,1013,0.02
H,70 (29 @ 23322),1364,1364,0.01
H,923 (343 @ 23322),2695,2695,0.01
Cl,1364 (509 @ 23322),70,70,0.13
Cl,2695 (988 @ 23322),923,923,0.03
Cl,1640 (608 @ 23423),1642,1642,3.53
H,1642 (609 @ 23423),1640,1640,0.01
H,1079 (404 @ 23928),2886,1589,0.03
Cl,2886 (1050 @ 23928),1079,1079,0.02
Cl,377 (143 @ 24231),1452,1452,0.4
H,612 (228 @ 24231),1147,1147,0.04
Cl,1147 (429 @ 24231),612,612,0.29
H,1452 (536 @ 24231),377,377,0.03
Cl,1265 (468 @ 24837),3276,3276,0.12
H,3276 (1181 @ 24837),1265,1265,0.08
H,191 (73 @ 24938),378,378,0.01
Cl,378 (143 @ 24938),191,191,0.07
Cl,1651 (606 @ 24938),3059,3059,0.86
H,3059 (1103 @ 24938),1651,1651,0.01
H,1533 (561 @ 25241),1878,1878,0.03
H,1847 (669 @ 25241),1914,1914,0.02
Cl,1878 (682 @ 25241),1533,1533,0.14
Cl,1914 (695 @ 25241),1847,1847,1.05
Cl,1037 (386 @ 25342),1990,1990,0.38
H,1990 (717 @ 25342),1037,116,0.01
Cl,30 (13 @ 25746),597,597,0.12
H,597 (220 @ 25746),30,30,0.03
H,1077 (396 @ 26150),2323,821,0.01
Cl,2323 (833 @ 26150),1077,1077,0.08
Cl,821 (302 @ 26251),2577,2577,0.17
Cl,954 (349 @ 26251),3154,3154,0.38
H,2577 (917 @ 26251),821,821,0.01
H,3154 (1123 @ 26251),954,954,0.02
H,1716 (617 @ 26453),1986,1986,0.01
Cl,1986 (710 @ 26453),1716,1716,0.56
Cl,293 (110 @ 26554),3096,3096,0.01
H,3096 (1097 @ 26554),293,293,0.02
H,538 (195 @ 26756),689,689,0.02
Cl,689 (253 @ 26756),538,538,0.5
H,1523 (547 @ 26958),2862,2862,0.03
Cl,2862 (1013 @ 26958),1523,1523,0.14
H,984 (355 @ 27160),1519,618,0.01
Cl,1519 (546 @ 27160),984,984,0.13
Cl,306 (114 @ 27261),2904,1103,0.33
H,2904 (1023 @ 27261),306,306,0.01
Cl,67 (27 @ 29483),2339,2339,0.8
H,2339 (825 @ 29483),67,67,0.1
H,132 (48 @ 29584),3416,990,0.2
H,310 (113 @ 29584),584,234,0.1
Cl,473 (171 @ 29584),2650,2650,1.4
Cl,584 (210 @ 29584),310,310,0.3
H,2650 (931 @ 29584),473,3403,0.3
Cl,3416 (1199 @ 29584),132,132,0.4
Cl,379 (136 @ 29685),1103,1103,0.5
H,1103 (392 @ 29685),379,379,0.2
Cl,32 (13 @ 29988),479,479,0.2
H,479 (168 @ 29988),32,32,0.1
