Cl_ID,H_ID,Connectivity,C_Cl_index,C_H_index,C_C_euclidean_distance,Reaction_frame,Time_ps
1241,1750,"1,2",1237,1238,1.5199,1736,98.45
236,240,"1,2",231,232,1.5703,1955,100.64
3271,251,"1,2",243,244,1.5948,2041,101.5
3116,3120,"1,2",3106,3107,1.5985,2128,102.37
3258,3262,others,3248,2745,5.0683,2185,102.94
1819,2254,others,1310,1741,5.35,1922,100.31
2744,2746,others,2734,3235,5.8789,2346,104.55
1687,2195,"1,2",2181,2182,1.5797,2498,106.07
2828,2817,others,2818,2805,5.7136,2298,104.07
2333,1834,"1,2",2322,2323,1.3666,2473,105.82
2383,2385,others,2870,2369,6.2547,2525,106.34
1867,1367,"1,2",1355,1356,1.587,2542,106.51
461,395,"1,2",454,385,1.6206,2742,108.51
1746,1833,others,1738,1820,5.3246,2403,105.12
3200,3204,"1,2",3176,3177,1.7139,2629,107.38
1818,2315,others,1807,2298,5.7081,2682,107.91
1975,2483,"1,2",2462,2463,1.4886,2701,108.1
2441,2950,"1,2",2422,2423,1.4693,2731,108.4
173,3202,"1,2",169,170,1.4853,2932,110.41
617,1126,"1,2",608,609,1.4994,2980,110.89
1027,527,"1,2",513,514,1.5768,3095,112.04
1327,1835,"1,2",1811,1812,1.6231,3025,111.34
1133,695,others,1119,680,7.4708,3256,113.65
1195,693,"1,4",679,678,3.3206,3198,113.07
690,693,"1,2",682,683,1.5637,2575,106.84
162,168,"1,2",157,160,1.6066,3437,115.46
317,3335,others,309,3278,5.7286,3433,115.42
1123,551,"1,4",608,537,4.1136,3316,114.25
2777,3286,"1,2",2734,2735,1.6395,3495,116.04
3499,2999,"1,2",2949,2950,1.5418,3487,115.96
151,659,"1,2",642,643,1.75,3515,116.24
1196,551,others,607,537,7.5246,3432,115.41
3114,3117,"1,2",3059,3060,1.5698,3536,116.45
3355,3286,"1,2",2806,2735,1.7105,3489,115.98
1064,1571,others,1040,1537,4.9375,3689,117.98
1136,1137,"1,2",1121,1120,1.7005,3124,112.33
2994,2997,"1,2",2940,2941,1.6061,3529,116.38
1052,1486,others,1028,956,6.8522,3832,119.41
1796,1800,"1,2",1756,1757,1.5557,3906,120.15
1831,1749,others,2286,1709,5.3675,3767,118.76
2564,2568,"1,2",2509,2510,1.5561,3771,118.8
3091,2591,"1,2",2533,2534,1.5552,3866,119.75
3476,3480,"1,2",3398,3399,1.7739,3808,119.17
163,3191,"1,2",3131,3132,1.5544,3596,117.05
308,252,others,296,309,6.448,3644,117.53
389,324,"1,3",379,310,2.5588,3607,117.16
1051,1056,others,536,1616,12.8221,3360,114.69
1566,1569,"1,2",1529,1530,1.4759,3957,120.66
1879,2889,others,2327,2817,4.6168,3962,120.71
2706,3201,others,2642,3120,5.1816,3949,120.58
2780,3214,"1,2",2723,2652,1.5022,3749,118.58
3053,3405,others,2989,3325,7.7259,3845,119.54
3281,3287,"1,2",3213,3216,1.4566,3689,117.98
3404,3408,"1,2",3326,3327,1.4179,3838,119.47
512,516,"1,2",493,494,1.4724,4080,121.89
977,1486,"1,2",955,956,1.5034,3721,118.3
1049,1053,"1,2",1026,1027,1.506,3934,120.43
1568,1569,"1,2",1533,1532,1.6092,3850,119.59
1748,1752,"1,2",1710,1711,1.6185,3886,119.95
2048,2052,"1,2",1995,1996,1.5791,3948,120.57
258,261,"1,2",245,246,1.7111,4149,122.58
2311,2832,others,2757,2769,5.4646,3862,119.71
3186,3179,others,3081,3072,5.0288,4173,122.82
233,165,"1,3",227,157,2.8334,4147,122.56
366,300,"1,2",348,282,1.647,4240,123.49
583,1091,"1,2",1049,1050,1.6711,4135,122.44
2753,2759,"1,2",2677,2680,1.7271,4113,122.22
797,359,others,766,339,5.7273,4288,123.97
2360,2364,"1,2",2272,2273,1.5764,4365,124.74
2671,2733,others,3059,2635,5.26,4353,124.62
2804,2808,others,2701,3176,6.4136,4368,124.77
3330,3263,others,3207,3142,7.678,4283,123.92
3366,2866,others,3247,3157,10.931,4176,122.85
296,297,"1,2",281,280,1.6284,4326,124.35
2801,2301,others,2707,2220,6.2791,4275,123.84
3221,2722,"1,2",3088,3089,1.4851,4494,126.03
259,264,others,3170,248,5.7749,4201,123.1
908,912,"1,2",866,867,1.5142,4548,126.57
2324,2328,"1,2",2232,2233,1.7585,4537,126.46
2347,1773,"1,2",1761,1696,1.5924,4570,126.79
2516,2520,"1,2",2445,2446,1.612,4071,121.8
3401,3407,"1,2",3251,3254,1.5287,4580,126.89
3463,455,others,415,1270,19.9454,4493,126.02
8,12,"1,2",3,4,1.5973,4278,123.87
176,180,"1,2",166,167,1.5904,4671,127.8
260,264,"1,2",245,246,1.5094,4461,125.7
776,359,others,739,336,6.5782,4385,124.94
1159,1665,"1,2",1591,1590,1.5279,4693,128.02
1483,1500,"1,2",1428,1429,1.5768,4671,127.8
1494,1498,others,1436,1918,6.0486,4422,125.31
2000,1498,"1,4",1505,1915,3.5682,4485,125.94
2729,2807,"1,4",2628,2695,3.5983,4535,126.44
3356,2784,"1,3",2721,2719,2.6764,4673,127.82
187,3141,"1,2",3044,2978,1.5534,4817,129.26
1409,1487,"1,4",1334,1409,3.3955,4747,128.56
1446,1449,"1,2",1379,1380,1.6197,4676,127.85
2059,1989,others,1909,1895,3.9678,4670,127.79
2504,2004,others,2433,1938,8.0334,4059,121.68
2561,3083,others,2435,2925,7.259,4785,128.94
3306,3311,"1,2",3183,3186,1.5827,4313,124.22
283,3311,others,3186,3132,5.9738,4815,129.24
355,3383,"1,2",3229,3230,1.5355,4597,127.06
608,106,"1,2",563,562,1.6691,4860,129.69
726,729,"1,2",676,677,1.6886,4806,129.15
845,346,"1,2",806,807,1.7058,4492,126.01
943,1451,"1,2",1388,1389,1.691,4507,126.16
1267,779,others,712,725,6.8678,4889,129.98
1436,1365,"1,2",1376,1304,1.4535,4477,125.86
1676,2265,others,1584,2143,7.3035,4890,129.99
3377,3383,"1,2",3216,3219,1.4948,4705,128.14
43,3501,"1,2",2947,3349,1.6348,4458,125.67
415,408,others,880,379,5.93,4456,125.65
2286,2291,"1,4",2174,2177,3.8248,4825,129.34
2348,2352,"1,2",2247,2248,1.4358,4723,128.32
2444,2448,"1,2",2296,2297,1.4735,5007,131.16
2875,2373,"1,4",2279,2278,3.5975,4515,126.24
3450,3324,others,3232,3113,6.1782,5022,131.31
3452,3441,others,3252,3238,5.0594,4874,129.83
127,635,"1,2",585,586,1.3523,4853,129.62
354,3394,others,317,327,5.4466,4953,130.62
356,3394,others,318,326,7.1851,5094,132.03
991,994,"1,2",1444,1443,1.6327,4331,124.4
2346,2349,"1,2",2245,2246,1.5624,4724,128.33
2429,2349,others,2307,2230,6.2569,4799,129.08
2756,3238,others,2651,2629,9.9193,4469,125.78
198,635,others,181,580,5.853,5019,131.28
643,58,others,130,504,7.4588,5212,133.21
835,636,others,638,580,8.2156,5016,131.25
906,837,others,853,770,5.7104,5136,132.45
1484,1341,others,1386,1249,4.4079,5086,131.95
1662,1665,"1,2",1599,1600,1.5551,4336,124.45
1793,2016,others,1694,1898,12.8005,4909,130.18
2252,2256,"1,2",2117,2118,1.7373,5039,131.48
2825,2891,others,2641,2701,5.793,5119,132.28
3137,3156,others,2926,2940,5.2953,5148,132.57
3211,3156,others,2529,2940,6.478,5188,132.97
29,3504,others,23,3248,5.8689,5209,133.18
126,129,"1,2",117,118,1.6201,5091,132.0
245,3215,others,224,2993,6.2087,5209,133.18
294,228,"1,2",265,266,1.5685,4946,130.55
403,3432,"1,2",3182,3183,1.5605,5151,132.6
560,58,"1,2",509,508,1.5506,5137,132.46
1063,2494,others,1002,1895,7.2685,4737,128.46
1697,2206,"1,2",1567,1568,1.5857,5259,133.68
1913,2423,others,1777,2255,5.8841,5204,133.13
2191,2700,"1,2",2517,2518,1.6097,5227,133.36
2321,2830,"1,2",2154,2155,1.5231,5268,133.77
2467,1893,"1,2",1838,1765,1.7115,4996,131.05
2935,2951,others,3194,2748,7.1059,5165,132.74
114,108,others,105,2950,11.474,5150,132.59
342,849,others,304,256,7.6587,5158,132.67
701,636,"1,2",652,587,1.6235,4819,129.28
859,3394,others,318,326,7.2343,5120,132.29
1039,1545,"1,2",1412,1411,1.5512,5366,134.75
1184,1188,"1,2",1099,1100,1.6592,5090,131.99
1661,1595,"1,2",1553,1484,1.5376,5060,131.69
1736,1234,"1,2",1604,1603,1.6045,5286,133.95
2262,2700,others,2107,2518,5.4052,5157,132.66
2275,1764,others,1657,1646,5.372,4981,130.9
2852,2855,"1,2",2635,2636,1.4617,5289,133.98
3344,3274,others,3087,222,5.1496,5286,133.95
571,3034,others,60,2,4.4634,5077,131.86
644,1067,others,565,954,5.4956,5502,136.11
715,141,"1,2",193,129,1.5076,5225,133.34
833,1356,others,746,1224,6.1911,5490,135.99
1001,1008,"1,2",906,909,1.4903,5436,135.45
1337,1341,"1,2",1248,1249,1.5133,5133,132.42
1373,1308,others,1316,1190,5.0547,5431,135.4
1770,2289,others,1623,2108,4.7384,5379,134.88
2108,2112,"1,2",1963,1964,1.5723,5161,132.7
2180,2124,others,1991,1932,6.2662,5507,136.16
2370,2364,others,2288,2279,5.0171,4333,124.42
2622,2556,"1,2",2389,2324,1.5974,5507,136.16
2816,2748,"1,3",2562,2505,2.5853,5496,136.05
3115,2615,"1,2",2399,2400,1.609,5416,135.25
3247,3321,"1,4",2957,3018,3.7057,5487,135.96
3295,3300,others,232,2998,7.7626,5480,135.89
3342,2831,others,3120,2503,12.1707,5089,131.98
3498,492,"1,3",3198,2820,2.7211,5443,135.52
3500,2986,others,3310,2807,15.9644,4787,128.96
3511,491,others,932,449,4.9139,4905,130.14
269,3298,"1,4",238,241,4.062,5329,134.38
595,609,others,81,534,5.5812,5447,135.56
944,3034,others,853,2,8.9042,5438,135.47
1268,1701,others,1142,1543,6.555,5469,135.78
1590,1593,"1,2",1481,1482,1.4003,5084,131.93
1889,1896,"1,2",1740,1743,1.4207,5279,133.88
2117,1690,others,1929,2002,4.2953,5478,135.87
2431,2951,others,2673,2685,4.3849,5479,135.88
2479,2987,"1,2",2718,2719,1.7263,5448,135.57
2549,2544,others,2321,2312,4.6552,5505,136.14
2948,2433,others,2728,2249,10.522,5251,133.6
3210,3227,others,2946,2958,4.7176,5379,134.88
3270,2615,others,2916,2380,5.0795,5476,135.85
20,24,"1,2",13,14,1.6178,5513,136.22
78,588,others,67,511,5.9736,5588,136.97
391,899,"1,2",791,792,1.5613,5669,137.78
401,333,"1,4",338,279,3.4185,5565,136.74
858,863,"1,2",754,757,1.5589,5648,137.57
1256,1259,"1,2",1168,1169,1.6305,5082,131.91
1471,1979,"1,2",1796,1797,1.618,5524,136.33
1712,1713,"1,2",1540,1539,1.7376,5641,137.5
1951,2457,"1,2",2197,2196,1.4106,5651,137.6
2010,1581,"1,1",1825,1825,0.0,5477,135.86
2106,2122,others,1917,2060,7.235,5452,135.61
2190,1691,others,1440,1520,5.3722,5636,137.45
2633,2736,others,2845,2470,3.7668,5602,137.11
2766,2772,others,2553,2544,4.8326,5384,134.93
2838,2267,others,2553,2050,4.8858,5605,137.14
17,22,others,11,2774,4.8602,5524,136.33
79,23,others,512,14,5.0522,5534,136.43
404,911,others,341,813,6.8942,5510,136.19
475,3010,others,2681,3119,6.6664,5724,138.33
536,21,others,465,12,4.3361,5619,137.28
620,549,"1,2",540,474,1.5549,5736,138.45
785,1294,others,724,1274,7.744,5023,131.32
799,802,"1,2",1150,1149,1.4933,5751,138.6
930,935,"1,2",822,825,1.5129,5697,138.06
965,407,others,861,341,5.3738,5608,137.17
968,969,"1,2",858,857,1.7353,5661,137.7
1146,1139,"1,2",996,997,1.5256,5820,139.29
1351,1344,others,1639,1184,4.6269,5815,139.24
1376,1380,"1,2",1214,1215,1.6709,5831,139.4
1556,2481,others,1391,2219,3.5111,5705,138.14
1580,2015,others,1416,1396,9.9842,5642,137.51
1615,2121,"1,3",1903,1901,2.9747,5686,137.95
1674,2182,"1,2",1498,1499,1.516,5717,138.26
1963,1464,"1,2",1291,1292,1.6485,5788,138.97
2288,2806,others,2090,2098,7.1311,5504,136.13
2382,2388,"1,3",2133,2135,2.2301,5725,138.34
2418,2926,"1,2",2144,2145,1.5219,5782,138.91
2453,2387,"1,2",2195,2135,1.6795,5686,137.95
2647,2664,others,2940,2483,5.2058,5181,132.9
2900,2747,others,2564,2438,7.3791,5756,138.65
2923,2268,"1,3",2129,2070,2.4683,5514,136.23
2970,2973,"1,2",2656,2657,1.4474,5715,138.24
2995,1920,others,2287,1755,4.8687,5382,134.91
3163,2589,"1,2",2385,2315,1.6217,5684,137.93
3497,333,others,3112,278,8.5035,5707,138.16
282,285,"1,2",236,237,1.6534,5782,138.91
331,347,others,3015,293,6.2287,5589,136.98
368,311,others,302,256,4.5389,5771,138.8
787,3226,others,238,168,5.5863,5790,138.99
894,1401,others,764,1208,6.6345,5863,139.72
895,971,others,1209,830,9.3074,5851,139.6
1302,1235,"1,2",1124,1061,1.4237,5917,140.26
1339,765,others,741,1199,5.7207,5630,137.39
1531,1461,"1,2",879,1262,1.5604,5850,139.59
1592,1162,"1,3",1443,1512,2.495,5498,136.07
1769,2289,others,1643,2055,7.7577,5680,137.89
1880,1378,"1,2",1678,1677,1.5509,5698,138.07
1997,1919,others,1763,2158,6.9077,5830,139.39
2264,1330,others,2207,1710,10.4787,5008,131.17
2670,2170,"1,2",2412,2413,1.6581,5613,137.22
2732,3166,"1,2",2469,2401,1.6735,5638,137.47
3294,3297,"1,2",2939,2940,1.5965,5671,137.8
150,84,"1,2",124,65,1.6183,5916,140.25
152,84,others,126,65,4.1253,5946,140.55
199,705,"1,2",594,593,1.5282,5899,140.08
680,192,others,566,155,4.5043,5966,140.75
728,718,others,609,175,4.413,6011,141.2
774,3226,others,678,171,5.704,5683,137.92
1014,1017,"1,2",887,888,1.5565,5847,139.56
1232,861,others,1048,723,7.2583,5955,140.64
1698,1775,"1,4",1519,1583,3.3995,5672,137.81
1808,1809,others,1540,1988,9.5945,5955,140.64
1904,1413,others,1648,1220,6.8503,5943,140.52
1927,1848,others,2082,1571,4.0845,5987,140.96
2249,2745,others,1998,2357,6.8427,6028,141.37
2443,2806,others,1717,2043,7.08,5811,139.2
2635,2998,others,1891,2206,5.0047,5808,139.17
2873,3382,others,3072,2573,5.5651,5716,138.25
3043,36,others,3003,21,8.7099,5906,140.15
3512,3021,others,2995,2583,4.6876,5972,140.81
414,417,"1,2",336,337,1.623,5854,139.63
428,432,"1,2",335,336,1.6303,6101,142.1
1206,1209,"1,2",1022,1023,1.5627,5959,140.68
1398,1331,"1,3",1208,1150,2.4319,5923,140.32
1458,1955,others,1227,1645,5.8803,6058,141.67
1710,1630,others,1458,951,5.4918,6017,141.26
2045,1536,others,1727,1291,4.5571,6113,142.22
2192,2194,others,1860,2288,4.1842,6061,141.7
2576,2579,"1,2",2206,2207,1.4508,6011,141.2
2693,2625,"1,4",2287,2222,3.5014,6101,142.1
2921,3443,others,2721,2653,7.4543,5145,132.54
3150,45,others,2703,30,10.2456,5990,140.99
3414,3360,"1,2",2866,2867,1.6117,6022,141.31
3510,3515,"1,1",3088,3088,0.0,5749,138.58
3523,3454,"1,2",2615,2554,1.5593,5921,140.3
80,3047,others,62,2554,7.0805,6224,143.33
101,3058,"1,4",82,19,3.8193,6143,142.52
367,873,"1,2",720,719,1.5447,6145,142.54
619,45,"1,2",97,30,1.478,5890,139.99
702,573,others,577,112,5.1769,6146,142.55
941,1377,others,794,1172,7.163,6042,141.51
1553,1413,others,1327,1202,10.8443,5998,141.07
1747,754,others,1042,1052,5.1155,6078,141.87
1805,1248,others,1519,1043,5.2423,6089,141.98
2297,2868,others,2033,2452,4.965,6033,141.42
2514,2937,others,2128,2482,9.0329,6142,142.51
2719,2998,others,2212,2087,13.5193,6195,143.04
2767,3345,"1,4",2894,2949,3.4881,5784,138.93
2861,2362,"1,2",2419,2420,1.6241,6150,142.59
3077,3081,others,2357,2809,5.9549,5469,135.78
19,3477,"1,2",2575,2933,1.729,6122,142.31
329,3417,others,2867,1088,20.1616,6231,143.4
511,1966,others,828,1207,6.5245,6327,144.36
557,910,others,445,311,4.8535,6281,143.9
653,154,"1,2",524,525,1.5395,6283,143.92
1135,1641,"1,2",1383,1382,1.5133,6151,142.6
1254,1212,others,1044,1005,6.4815,6191,143.0
1277,1211,"1,2",1142,1076,1.5545,5556,136.65
1350,1353,"1,2",1151,1152,1.7479,5987,140.96
1663,1605,others,1824,1836,3.6291,6153,142.62
2322,1810,others,1969,1960,6.9731,6104,142.13
2609,3345,others,2210,2822,14.9897,6057,141.66
2624,2998,others,2151,2087,9.6795,6182,142.91
3042,36,others,2693,24,6.1297,5801,139.1
3079,72,others,40,52,4.4534,6214,143.23
44,45,"1,4",31,30,3.9558,5952,140.61
66,515,others,49,410,5.244,6246,143.55
319,1403,others,811,1178,4.8466,6071,141.8
425,418,others,323,738,4.5556,6405,145.14
497,489,others,388,378,4.6349,6377,144.86
665,1043,others,535,897,6.1716,6336,144.45
788,1222,others,276,577,5.0965,6317,144.26
800,804,others,655,541,6.9398,6161,142.7
823,1260,others,1102,1510,6.1028,6335,144.44
1003,3528,others,394,2913,4.9699,6300,144.09
1098,1043,"1,1",906,906,0.0,6158,142.67
1122,1140,others,921,934,5.9815,6298,144.07
1591,2100,"1,2",1759,1760,1.5067,6153,142.62
2179,2255,others,1415,2254,17.7439,6098,142.07
2239,2820,others,1952,2422,5.0666,6222,143.31
2563,3502,others,1722,2511,5.1736,6209,143.18
2587,2590,"1,4",1731,1730,3.4612,6267,143.76
3138,3144,"1,2",2610,2613,1.3796,6323,144.32
3223,3312,"1,3",2712,2714,2.6118,6363,144.72
161,3192,others,189,2769,4.5389,5900,140.09
211,3106,others,2772,63,5.8833,5988,140.97
546,552,"1,3",458,460,2.4844,5935,140.44
918,791,others,737,632,5.2959,6393,145.02
980,1403,others,808,1170,5.4839,6172,142.81
1220,1654,"1,2",1087,1019,1.538,5571,136.8
1352,1857,"1,2",1560,1559,1.451,6107,142.16
1363,789,"1,2",692,630,1.5986,6430,145.39
1505,2326,others,1227,1483,8.0891,6359,144.68
1517,1884,others,1632,1569,6.1819,6191,143.0
1865,2796,"1,3",2378,2322,2.6487,6278,143.87
1916,1931,others,1635,1646,5.1663,6019,141.28
2082,2517,"1,4",1709,2070,3.5907,6400,145.09
2083,1859,others,1306,1533,8.6134,6265,143.74
2165,2100,"1,2",1837,1775,1.592,6089,141.98
2298,2796,others,1867,2266,5.6943,6532,146.41
2371,2301,others,1881,1868,5.7867,6522,146.31
2468,2472,"1,2",2002,2003,1.564,6502,146.11
2501,2505,"1,2",2058,2059,1.5828,6402,145.11
2537,3046,"1,2",2174,2175,1.7057,5975,140.84
2551,3131,others,2481,2541,4.8416,6512,146.21
2741,2676,"1,2",2356,2297,1.5659,5966,140.75
2791,3142,"1,2",2235,2170,1.5179,6379,144.88
2813,2745,"1,2",2389,2388,1.4678,5939,140.48
2933,1872,others,2257,1501,15.4288,6537,146.46
2982,2985,others,2822,2420,5.4118,6521,146.3
3318,372,others,2792,275,3.9551,6515,146.24
3439,418,others,320,747,7.9324,6294,144.03
222,3252,others,2711,2670,5.707,6357,144.66
235,393,others,2705,290,4.1324,6622,147.31
533,1030,"1,4",428,431,3.0755,6195,143.04
631,1644,others,894,1302,4.8974,6628,147.37
1218,1223,"1,2",992,995,1.5319,6453,145.62
1219,645,others,558,550,4.2611,6548,146.57
1412,1260,others,1100,1510,5.0392,6273,143.82
1423,1583,others,1525,1252,6.3679,6616,147.25
1435,1857,others,1174,1512,4.5877,6409,145.18
2021,2088,others,1629,1688,6.335,6528,146.37
2455,2963,"1,4",2456,2100,3.7875,6291,144.0
2657,2734,others,2190,1782,5.2085,6563,146.72
2792,2794,others,2296,2705,5.6196,6420,145.29
3006,2985,others,2822,2420,4.4959,6469,145.78
3054,3057,"1,2",2479,2480,1.3356,6479,145.88
3164,3105,others,2515,2470,4.209,6565,146.74
3307,2676,others,2307,2204,5.3941,6380,144.89
3426,2856,others,2715,2266,4.7569,6619,147.28
426,429,"1,2",314,315,1.5542,6565,146.74
1279,1284,others,1396,1000,4.4971,6678,147.87
1280,1281,"1,2",1044,1043,1.5162,6370,144.79
1470,455,others,1177,1067,6.9471,6510,146.19
1578,1583,"1,2",1304,1307,1.5134,6327,144.36
1688,1186,"1,2",1323,1322,1.3982,6700,148.09
1925,1427,"1,2",1123,1124,1.4634,6629,147.38
1950,2027,others,1545,1606,10.6959,6569,146.78
2251,1812,others,1056,1453,5.0108,6554,146.63
2717,2517,others,2213,2043,8.9295,6467,145.76
2768,2325,"1,1",1953,1953,0.0,6175,142.84
3102,3106,others,2607,61,7.1018,6203,143.12
3427,2928,others,2298,2299,1.8712,6736,148.45
125,633,others,97,475,3.6429,6813,149.22
257,766,"1,1",200,200,0.0,6631,147.4
365,166,others,276,2622,6.687,6440,145.49
714,1222,"1,2",568,569,1.5716,6424,145.33
725,155,others,555,118,4.9685,6714,148.23
1410,909,others,1045,700,7.1311,6726,148.35
1507,933,others,810,1182,5.7283,6396,145.05
1711,2854,others,1476,1908,4.4087,6468,145.77
1760,1906,others,1376,1897,7.7023,6731,148.4
1891,1968,others,1076,1525,4.516,6847,149.56
2093,2088,others,1697,1688,5.0786,6477,145.86
2538,3057,others,2090,2512,4.7085,6444,145.53
113,47,others,158,29,6.6647,6121,142.3
485,2856,others,366,2266,6.9175,6573,146.82
882,885,"1,2",675,676,1.4129,6770,148.79
992,57,others,753,37,5.322,6886,149.95
1289,586,others,1000,839,7.1234,6838,149.47
1614,1032,others,1262,796,5.6356,6734,148.43
2276,2710,"1,2",1801,1740,1.5792,6673,147.82
3068,3060,others,2362,2355,5.4276,6877,149.86
3233,3239,"1,2",2487,2490,1.7595,6888,149.97
642,1020,others,427,783,5.0024,6786,148.95
1171,732,others,493,541,7.4861,6963,150.72
1424,922,"1,2",1161,1160,1.6774,6391,145.0
1627,610,others,822,872,5.4825,6636,147.45
1673,1247,others,1371,1378,5.5945,6730,148.39
1686,1032,others,1229,782,10.3689,6916,150.25
2024,1822,others,1410,1023,6.42,6784,148.93
2201,2147,others,1564,1643,4.867,7018,151.27
2358,2277,others,1405,1820,4.6261,6571,146.8
2850,2915,others,2263,2316,7.5146,6625,147.34
2864,3009,others,1975,2360,7.6436,6730,148.39
3067,3069,"1,1",2442,2442,0.0,6820,149.29
221,731,others,163,541,7.0278,6985,150.94
522,1020,others,448,783,6.5871,6779,148.88
798,732,"1,3",598,545,2.5077,6956,150.65
870,731,"1,2",597,545,1.663,6878,149.87
1506,1942,"1,4",1136,1083,3.119,7147,152.56
2213,1714,"1,2",1685,1686,1.4801,7116,152.25
2513,3022,"1,1",1910,1910,0.0,7075,151.84
2993,59,others,2271,38,5.0428,7096,152.05
3353,827,others,136,689,8.9283,6951,150.6
3378,3393,"1,3",2533,2587,2.9171,7026,151.35
3389,2952,others,2742,2392,5.4447,6545,146.54
449,453,"1,2",318,319,1.7034,7223,153.32
810,815,"1,2",599,602,1.5851,7151,152.6
1025,1476,others,1156,1103,5.0042,7202,153.11
1841,1354,others,1387,1399,5.1533,7100,152.09
2946,2880,others,2130,2180,3.4497,7110,152.19
3162,2616,others,2311,2139,15.5106,7062,151.71
3368,3372,others,2234,2545,5.8759,7074,151.83
896,455,others,699,1055,5.2393,6561,146.7
1385,504,others,1047,364,15.643,7131,152.4
1472,1054,others,1096,395,4.2165,7304,154.13
1542,1977,"1,2",1478,1477,1.5454,7217,153.26
1579,504,others,1130,375,11.5253,6740,148.49
1675,1104,"1,4",892,833,3.5875,7056,151.65
1854,2350,others,1377,1368,4.8636,7349,154.58
2227,1727,"1,2",1312,1313,1.6655,7003,151.12
2466,2026,others,1966,2013,4.6923,6650,147.59
2585,2517,others,2216,2153,6.7963,6026,141.35
18,105,others,11,74,5.3057,7530,156.39
77,515,others,14,375,5.735,7130,152.39
200,204,others,511,143,4.446,7368,154.77
569,957,others,1093,1728,19.7519,7132,152.41
752,321,others,546,227,5.164,7463,155.72
966,466,"1,2",711,712,1.6109,7324,154.33
1181,1115,others,927,824,5.7517,7325,154.34
1315,874,others,591,1025,9.6966,7279,153.88
1387,813,"1,2",661,600,1.5174,7081,151.9
1469,996,others,735,745,6.3149,7079,151.88
1520,1727,others,1155,1313,5.0835,7003,151.12
1722,1653,"1,4",1310,1260,2.9901,6980,150.89
1949,2445,others,1867,1857,7.2612,7087,151.96
1976,1474,"1,2",1637,1636,1.8212,6337,144.46
2143,2580,others,1970,2172,12.6702,7528,156.37
2898,2903,"1,2",2217,2220,1.8324,7047,151.56
3092,3023,others,2311,2260,6.8098,7289,153.98
3212,3216,"1,2",2381,2382,1.4104,7462,155.71
3402,2530,others,2698,2410,6.4297,6608,147.17
3522,3023,others,2621,2260,5.3598,7264,153.73
89,598,"1,2",61,62,1.6975,7524,156.33
104,622,others,75,84,5.1624,7188,152.97
450,515,others,321,375,3.3767,7159,152.68
486,419,"1,2",347,295,1.4258,7428,155.37
931,851,others,235,617,4.5007,7396,155.05
1097,1175,"1,4",792,853,3.1589,7615,157.24
1170,1173,"1,2",850,851,1.6688,7607,157.16
1255,888,others,1271,634,4.2138,7639,157.48
1291,215,others,566,97,8.5797,7628,157.37
2203,1703,"1,2",1265,1266,1.5419,7293,154.02
2215,1797,others,1771,1823,7.6173,6928,150.37
2684,2686,others,2030,1647,4.8414,7177,152.86
3031,3108,others,2259,2303,4.5251,7415,155.24
3199,3213,"1,2",2343,2344,1.5636,7580,156.89
3461,2962,"1,2",2594,2595,1.6568,7237,153.46
3521,3468,others,2601,2561,4.483,7417,155.26
824,755,"1,4",599,547,2.8539,7549,156.58
1050,1547,others,769,1143,6.167,7549,156.58
1145,514,others,828,571,12.6727,7569,156.78
1243,669,"1,2",517,463,1.5483,7748,158.57
1278,778,others,800,915,4.1258,7676,157.85
1434,874,others,700,1048,5.5125,7032,151.41
1445,1511,"1,2",1074,1077,1.3285,7720,158.29
1699,778,others,871,932,4.5437,7573,156.82
1771,1547,others,906,1103,8.951,7723,158.32
2166,2470,others,1109,1421,3.6913,7611,157.2
2238,2171,"1,3",1643,1641,2.5928,7653,157.62
2285,2782,others,1809,1695,5.2035,7516,156.25
2300,1653,others,1713,1222,10.6087,7480,155.89
2936,2841,others,2228,2107,5.3193,7464,155.73
3008,1474,others,2315,1514,15.0579,6895,150.04
3437,934,others,301,2206,11.8421,7332,154.41
137,215,others,582,100,5.0318,7354,154.63
332,1342,others,1004,583,5.4274,7769,158.78
488,3082,"1,4",349,36,3.3178,7565,156.74
606,1041,"1,3",762,760,2.6083,7534,156.43
679,825,others,483,575,5.1564,7774,158.83
1602,1608,"1,2",1181,1184,1.3207,7550,156.59
2011,1965,others,994,991,4.0632,7709,158.18
2131,1631,"1,2",1163,1164,1.5202,7765,158.74
2945,1426,others,1832,1027,7.7877,7583,156.92
3485,3491,"1,1",2480,2480,0.0,7827,159.36
223,226,"1,2",529,528,1.4201,7397,155.06
439,945,"1,2",654,653,1.366,7880,159.89
510,1965,others,618,979,10.3598,7790,158.99
594,599,"1,2",418,421,1.6109,7588,156.97
703,1211,others,445,856,5.3984,7820,159.29
1421,1329,others,1010,953,4.5464,7684,157.93
1639,2160,others,1642,1310,10.1354,7048,151.57
1856,1860,"1,1",1292,1292,0.0,7936,160.45
2646,2074,others,1919,1862,5.6578,7745,158.54
3019,2459,"1,3",1492,1827,2.7351,7460,155.69
3090,502,"1,4",2181,2480,3.2679,7908,160.17
3126,3129,others,2294,2281,6.658,7570,156.79
3176,3107,others,111,2303,5.9166,7472,155.81
188,780,others,126,547,4.9915,7864,159.73
452,886,"1,4",304,253,3.951,7965,160.74
691,117,"1,2",77,78,1.4658,7703,158.12
848,360,"1,2",237,238,1.3662,8037,161.46
2573,2482,others,2109,2118,5.0477,7959,160.68
2863,383,others,2350,2444,5.8134,7975,160.84
3486,3333,"1,2",2376,2323,1.5409,7987,160.96
596,3346,"1,2",209,210,1.5674,8159,162.68
955,828,others,593,554,5.6657,8084,161.93
1085,1019,"1,2",705,706,1.5361,7948,160.57
1208,1798,others,567,939,4.6552,7586,156.95
2406,2988,others,1675,2090,5.1869,8026,161.35
2574,2841,others,1883,2077,8.4983,7598,157.07
3341,252,others,2318,212,4.8931,8077,161.86
3487,3489,others,314,2460,4.5647,7910,160.19
380,814,"1,3",247,200,2.5313,8112,162.21
498,3082,others,44,34,4.2654,8154,162.63
883,383,others,1795,2444,6.6345,8010,161.19
1157,202,others,424,470,4.4217,8115,162.24
1400,1763,others,996,1189,4.6301,8211,163.2
1411,394,"1,2",605,606,1.3606,8236,163.45
1603,1617,others,794,1171,4.3735,7660,157.69
1626,1617,others,1100,1092,6.5215,8218,163.27
1844,288,"1,3",2521,2467,2.4477,7275,153.84
2876,3465,others,2015,2416,5.0388,8052,161.61
509,501,others,335,385,4.3317,8261,163.7
545,1102,others,373,469,8.3559,7944,160.53
1543,1642,others,1404,801,15.5145,8096,162.05
1853,2351,"1,2",1601,1602,1.5967,8328,164.37
1985,1917,"1,4",1331,1280,3.1818,8315,164.24
2562,383,others,1792,2444,7.9703,8067,161.76
2575,3165,"1,2",2256,2207,1.5143,8008,161.17
3332,2901,others,2349,2055,4.4831,7884,159.93
3475,3406,"1,2",2066,2019,1.8329,8131,162.4
68,82,others,280,376,8.7198,8405,165.14
209,213,others,136,567,4.8259,8144,162.53
559,1560,"1,2",1039,1042,1.4607,8278,163.87
1182,1485,others,787,985,4.7613,8386,164.95
2539,2542,"1,4",1357,1356,3.3457,8418,165.27
3125,2553,"1,1",1736,1736,0.0,8441,165.5
305,876,others,862,565,5.2785,8489,165.98
582,647,"1,2",418,419,1.7524,8343,164.52
905,1269,others,640,838,5.75,8512,166.21
1075,575,others,372,958,6.7283,8317,164.26
1230,682,others,530,793,8.7508,8330,164.39
1244,1678,others,1144,838,4.1457,7685,157.94
1649,1162,"1,2",1106,1107,1.2925,8447,165.56
1877,1881,others,1291,1245,6.529,8419,165.28
2118,1689,others,1423,1120,5.8721,8470,165.79
2142,2145,others,1711,1444,7.541,8442,165.51
2334,2337,"1,2",1571,1572,1.545,8562,166.71
2755,2603,others,1528,1767,5.1298,8412,165.21
2815,3393,others,1873,2291,5.0795,8515,166.24
3235,3323,others,1883,2272,4.4826,8287,163.96
41,621,others,417,500,4.8053,7976,160.85
320,611,others,204,387,5.6598,8588,166.97
581,862,others,1,229,10.526,8434,165.43
678,96,others,443,573,12.584,8357,164.66
737,1246,others,805,472,5.6093,8647,167.56
1783,2795,others,1551,1907,6.1508,8464,165.73
1868,1440,"1,2",1238,956,1.7919,8397,165.06
2069,1570,others,1029,1068,6.1923,8548,166.57
2623,46,"1,2",2124,2077,1.504,8575,166.84
2802,1740,others,1536,1130,3.9556,8588,166.97
2924,2841,others,1985,1926,5.5608,8541,166.5
3128,3336,others,2255,2396,5.0523,7760,158.69
54,3093,others,2072,2092,8.6955,8534,166.43
487,130,others,643,399,6.5507,8598,167.07
1124,634,others,353,756,5.4459,8422,165.31
1340,1257,others,826,820,4.9826,8644,167.53
1518,1953,"1,4",989,1276,3.384,8667,167.76
1855,1881,others,1273,1288,12.0332,8035,161.44
2072,2484,others,1351,1637,5.3615,8721,168.3
2084,2436,others,1812,1801,6.0492,7697,158.06
2480,2051,others,1636,1332,3.7258,8744,168.53
2621,2724,others,1861,1862,2.0242,8465,165.74
3413,684,others,2162,156,5.0435,8745,168.54
632,143,others,402,93,5.1278,8556,166.65
1134,1125,others,383,670,3.5608,8849,169.58
2033,2039,"1,2",1349,1352,1.7842,8552,166.61
3245,2687,others,2120,1761,4.3231,8788,168.97
7,862,others,3,226,9.7117,8535,166.44
56,60,others,1678,34,6.5028,8867,169.76
437,82,others,2313,376,11.3383,8396,165.05
1076,564,others,678,345,5.2828,8941,170.5
1613,1104,others,1569,702,3.5225,8877,169.86
572,947,others,346,585,4.3528,9035,171.44
1002,561,others,630,352,4.0651,8922,170.31
1253,1187,others,514,755,5.9094,8934,170.43
1866,1307,others,1145,832,6.6641,8830,169.39
2130,2663,others,1663,1763,5.6056,8757,168.66
763,719,others,108,479,7.3168,9065,171.74
919,1366,others,911,538,4.9728,8818,169.27
1016,2446,others,641,1224,6.4688,9034,171.43
2119,120,others,2111,190,6.6785,9117,172.26
3041,3048,"1,2",1974,1977,1.3645,9036,171.45
248,190,others,232,2073,4.7673,9169,172.78
1460,1463,others,944,914,5.6022,9160,172.69
1650,2232,others,1028,1416,5.0155,9187,172.96
1901,767,"1,1",1055,1055,0.0,9064,171.73
1952,1548,others,1256,974,4.7817,9031,171.4
2960,2976,others,1626,1920,7.0091,9181,172.9
3080,3249,others,2016,2121,4.8919,8865,169.74
3104,1462,others,2001,587,10.1431,9121,172.3
3127,35,"1,2",61,60,1.2472,9161,172.7
31,563,others,320,24,9.9626,9335,174.44
197,203,"1,4",120,123,3.7245,8913,170.22
761,263,others,154,2232,16.961,9045,171.54
1231,1236,others,1069,761,9.1051,9372,174.81
1685,1570,others,1396,999,7.5679,9346,174.55
2357,2363,others,1502,929,9.0392,9228,173.37
2909,3334,others,216,1817,4.9886,9231,173.4
3149,3084,"1,3",1964,1966,2.3865,9351,174.6
3222,3167,others,2050,2014,4.44,9312,174.21
42,503,others,22,2,10.5092,9447,175.56
967,933,"1,2",886,885,1.7322,9419,175.28
1112,2062,others,688,976,13.6006,9193,173.02
1148,562,others,658,647,4.3432,9347,174.56
1172,1116,others,670,679,5.3239,9387,174.96
1375,1305,"1,1",793,793,0.0,9415,175.24
2396,2697,others,1723,1468,7.682,9323,174.32
2730,2735,"1,2",1748,1751,1.5532,9379,174.88
2911,227,others,2113,127,4.4537,9385,174.94
2971,2397,"1,2",1578,1524,1.4332,9271,173.8
3248,2207,others,2059,1377,5.437,9406,175.15
1493,1210,others,905,869,9.1198,8902,170.11
1940,2374,others,826,1175,5.8357,9078,171.87
2502,1317,others,902,792,3.968,9513,176.22
2972,2399,others,1762,1767,6.1933,9554,176.63
3308,408,others,204,234,6.8295,9463,175.72
857,864,others,556,512,3.4275,9532,176.41
1843,1343,others,810,1097,8.8056,9638,177.47
1928,2374,others,1141,1143,8.3911,9418,175.27
402,838,"1,4",229,188,3.7593,9695,178.04
1074,1080,others,411,643,6.9951,9704,178.13
1482,1114,"1,4",928,971,4.1354,9732,178.41
1709,3261,others,1026,2026,4.7265,9641,177.5
1829,238,"1,3",1081,2057,2.6618,9474,175.83
2287,2662,others,1746,1481,12.8344,9681,177.9
2754,1642,others,1730,707,13.8064,9553,176.62
2839,3419,others,168,2126,5.9773,9678,177.87
3032,3035,"1,2",1892,1893,1.6094,9591,177.0
3056,2411,others,1588,1491,4.7722,9598,177.07
3296,276,others,2047,153,4.5933,9743,178.52
102,443,others,307,255,4.779,9450,175.59
353,3429,others,248,2105,6.5879,9846,179.55
786,1066,others,693,948,7.9555,9558,176.67
872,960,others,515,567,5.7242,9742,178.51
2419,1895,others,1472,1128,5.7905,9832,179.41
2611,3107,others,2112,1929,6.377,9707,178.16
2707,2279,others,1474,1449,3.459,9734,178.43
2765,2181,"1,2",1292,1291,1.3785,9758,178.67
2826,2136,others,1744,1291,5.6896,9795,179.04
2897,2614,"1,4",1807,1284,3.4721,9771,178.8
2981,3430,others,1797,1827,4.9195,9683,177.92
3209,118,others,2000,140,6.6421,9612,177.21
3224,3299,others,1708,2048,5.3096,9717,178.26
3331,2975,others,1766,1858,5.2592,9644,177.53
871,1905,others,869,756,11.282,9767,178.76
1087,1596,"1,3",940,942,2.7323,9981,180.9
1817,1821,"1,2",1077,1078,1.5584,9916,180.25
2154,1090,others,1305,948,4.9408,9837,179.46
2407,3395,others,1783,2060,5.8305,9973,180.82
2959,3033,"1,2",1886,1885,1.374,9732,178.41
164,3322,"1,2",162,163,1.3905,10068,181.77
295,921,others,464,595,11.5587,9864,179.73
392,3429,others,224,2127,7.0643,9778,178.87
463,443,others,311,252,7.7292,9652,177.61
847,850,"1,1",795,795,0.0,9995,181.04
1290,1293,"1,3",499,766,3.0228,9753,178.62
1734,1176,"1,1",1345,1345,0.0,9741,178.5
2036,2169,others,1223,1317,5.7368,9873,179.82
2070,1956,"1,3",1531,1250,2.4818,9902,180.11
2214,1728,others,1004,955,7.756,9953,180.62
3030,3442,others,2152,2133,9.2094,9655,177.64
3319,323,others,1702,180,8.7279,9945,180.54
1040,1320,others,640,681,5.0565,10127,182.36
1772,1306,others,803,1071,5.031,9967,180.76
3509,225,others,1556,122,14.8045,9996,181.05
629,1943,others,660,1125,8.7403,10274,183.83
836,803,others,437,457,8.2064,10206,183.15
1721,1416,others,1442,817,8.1963,10214,183.23
2060,2063,"1,2",1226,1227,1.3306,10016,181.25
2394,2267,others,1422,1348,6.4566,10175,182.84
2984,372,"1,4",239,201,3.5503,10218,183.27
499,3444,"1,3",1826,1828,2.6579,10357,184.66
1086,1320,"1,2",656,695,1.4958,9947,180.56
1301,717,others,825,400,4.8991,10347,184.56
1399,1824,others,1126,1308,13.8455,9893,180.02
2417,1343,others,1338,1048,4.3712,10310,184.19
2586,2157,others,1536,1263,4.872,10155,182.64
3173,2184,"1,3",1852,1850,2.5318,10209,183.18
3283,2844,others,1700,1736,4.6591,9986,180.95
210,3240,others,2002,1928,5.1919,10256,183.65
654,657,"1,1",359,359,0.0,10365,184.74
738,744,others,432,406,4.7204,10479,185.88
869,1307,others,487,740,5.2392,10422,185.31
1073,561,"1,2",357,318,1.4611,10153,182.62
2168,2241,others,1600,1323,7.3527,10282,183.91
2202,1762,"1,2",1342,1341,1.6543,10223,183.32
2408,1930,others,1405,1421,5.3617,10443,185.52
2503,1919,others,1773,1423,3.7983,10438,185.47
2789,2793,"1,2",1648,1649,1.488,10436,185.45
3198,2628,others,1852,1559,6.4705,10339,184.48
3440,480,others,223,261,5.8704,10422,185.31
53,492,others,1782,1784,3.4486,10501,186.1
1314,322,others,482,456,5.289,10518,186.27
1830,1355,others,447,777,5.0609,10343,184.52
2237,2169,others,1497,1245,5.5243,10540,186.49
2550,2493,others,924,1457,4.4806,10444,185.53
224,3444,others,1532,1828,5.1222,10363,184.72
440,1318,"1,1",461,461,0.0,10237,183.46
656,660,"1,2",354,355,1.5635,10625,187.34
1229,730,others,422,392,10.0434,10607,187.16
1422,852,others,513,468,4.8344,10679,187.88
1892,1967,others,1030,1110,6.1468,10588,186.97
1973,1488,others,745,340,8.7361,10525,186.34
713,1233,others,398,700,3.5898,10493,186.02
860,1833,others,1110,1029,6.6578,10687,187.96
920,730,"1,2",346,392,1.5076,10654,187.63
1541,1833,others,855,1020,8.72,10713,188.22
1652,1068,"1,2",567,566,1.7041,10517,186.26
2129,2135,"1,2",1219,1222,1.3634,10522,186.31
2454,2229,others,1396,1260,10.0283,10713,188.22
2478,2039,others,1168,1159,7.7227,10528,186.37
3320,1739,others,1353,1287,4.9615,10719,188.28
3329,3045,others,1932,1802,5.4064,10545,186.54
284,2506,others,24,1728,16.3867,10782,188.91
884,370,others,446,1334,10.6781,10496,186.05
956,23,others,278,12,3.891,10761,188.7
1304,1044,others,777,1510,20.5104,10744,188.53
1328,1871,others,1053,1110,11.897,10662,187.71
1988,1282,others,1375,984,5.1981,10828,189.37
3103,216,others,1794,114,4.2724,10815,189.24
3161,83,others,9,42,4.8588,10769,188.78
3236,3237,others,110,1847,5.1473,10745,188.54
3257,1319,"1,4",1197,649,3.5681,10720,188.29
3391,1390,others,249,233,3.4704,10670,187.79
834,897,others,100,490,5.5807,10626,187.35
1205,1185,others,384,599,6.0511,10683,187.92
1207,1643,others,975,825,16.2078,10793,189.02
1820,1305,others,1076,713,8.3714,10847,189.56
1842,1029,"1,3",999,1033,2.3323,10964,190.73
2225,2698,others,1223,1800,6.589,10919,190.28
2600,3094,others,1203,1214,10.9805,10885,189.94
3174,3178,others,47,83,5.2573,10634,187.43
3234,273,others,1886,143,5.4985,10880,189.89
55,1282,others,780,993,5.9227,10797,189.06
438,1390,others,510,226,6.512,10981,190.9
1169,1656,"1,1",926,926,0.0,10985,190.94
1433,1437,others,559,792,7.6245,10787,188.96
2141,2794,others,1519,1832,6.0081,11066,191.75
2228,2831,others,1328,1499,3.9816,10988,190.97
2477,1042,others,837,523,8.3919,10970,190.79
3007,3467,others,2031,1748,3.7794,10688,187.97
1481,2398,others,1056,1007,5.3671,11173,192.82
1758,1559,others,919,886,5.4076,10990,190.99
2012,1437,others,1023,764,7.3074,11047,191.56
2095,1846,others,1058,714,7.9905,11092,192.01
2153,2255,others,911,1491,10.52,10977,190.86
2312,1164,others,1257,421,6.3487,11178,192.87
2465,1846,"1,3",985,714,2.458,11002,191.11
2720,2507,others,1117,1820,14.4241,10687,187.96
2779,2217,others,1611,1223,4.9956,10984,190.93
2814,2314,"1,1",1570,1570,0.0,11089,191.98
3017,2064,others,1426,1471,5.2674,11097,192.06
3451,3479,"1,4",1873,1916,3.1828,11150,192.59
1759,1954,others,1207,1353,11.2452,11016,191.25
1784,2110,others,1107,1193,4.9892,11108,192.17
1938,2148,others,1318,803,6.0406,11231,193.4
2381,2316,"1,4",692,657,3.5427,11190,192.99
2552,1739,"1,1",1299,1299,0.0,10650,187.59
474,334,others,491,1823,8.3998,11234,193.43
1338,1680,others,854,898,5.6206,11131,192.4
1361,1870,others,715,720,4.4895,11333,194.42
1781,1785,others,930,979,4.896,11343,194.52
1999,2519,others,1070,1388,6.0187,11081,191.9
2022,2459,"1,1",1343,1343,0.0,11116,192.25
2525,3478,others,1355,1617,3.8903,11339,194.48
2540,2901,others,1368,1579,4.9314,11390,194.99
3029,3467,others,1915,1650,8.593,11226,193.35
3055,3516,others,1705,1910,5.9975,11263,193.72
3185,2842,others,64,1552,7.7062,11007,191.16
3282,741,others,1856,388,6.0666,11292,194.01
1577,2565,others,1471,1364,4.7174,11478,195.87
1937,1282,others,1037,1002,4.8714,10615,187.24
1964,2253,others,1039,1211,3.8356,11299,194.08
2420,2421,others,1286,1129,4.2452,11441,195.5
3188,3119,"1,4",1708,1670,3.1815,11463,195.72
90,743,"1,3",339,378,2.6182,11550,196.59
605,958,"1,1",313,313,0.0,11332,194.41
764,1488,others,364,328,4.0938,11009,191.18
1388,309,"1,4",452,690,3.5356,11542,196.51
1565,2159,others,824,1135,8.1247,11599,197.08
1807,1355,others,847,711,9.2069,11472,195.81
2492,454,others,1632,1663,4.9257,11300,194.09
2598,3525,others,1788,1224,4.3338,11566,196.75
416,3071,others,290,1834,7.1671,11480,195.89
523,600,"1,2",11,12,1.2925,11199,193.08
762,3347,others,394,418,4.4037,11675,197.84
811,442,others,737,721,5.4021,11583,196.92
978,1908,others,512,812,10.2023,11452,195.61
1325,1475,others,267,772,4.4867,11556,196.65
1495,946,others,751,756,6.1832,11554,196.63
1806,1306,others,865,950,5.4085,11601,197.1
1926,576,"1,2",695,696,1.4408,11384,194.93
1974,2002,others,732,946,5.6701,11683,197.92
2456,2469,others,665,1302,4.3258,11545,196.54
3005,2963,others,1607,1334,4.9089,11565,196.74
3293,3371,"1,3",137,170,2.4066,11663,197.72
3464,3119,others,38,1661,9.7511,11580,196.89
3473,2278,others,1352,705,13.337,11451,195.6
186,1031,others,316,719,5.0612,11641,197.5
390,2338,others,118,1464,9.1867,11677,197.86
739,287,others,384,115,7.3398,11344,194.53
932,1428,others,721,521,5.518,11704,198.13
1028,2675,others,1180,1431,4.0312,11711,198.2
1061,1499,others,924,773,4.5256,11647,197.56
1448,1787,others,588,944,4.8763,11714,198.23
1987,2003,others,1142,801,4.4977,11745,198.54
3462,3381,others,221,235,2.9885,11573,196.82
773,1295,others,315,655,5.1745,11894,200.03
1099,670,"1,4",109,82,3.6727,11841,199.5
1160,2230,others,663,886,4.8737,11732,198.41
2803,2865,"1,3",1511,1476,2.5855,11611,197.2
3151,574,others,63,30,6.6583,11643,197.52
3415,3381,others,190,238,4.2485,11280,193.89
139,3168,others,1641,11,9.9526,11704,198.13
727,887,others,82,114,4.8279,11959,200.68
1158,2292,others,843,857,10.8165,11964,200.73
1664,2662,others,1040,1232,6.0989,11774,198.83
2009,1379,"1,1",959,959,0.0,11536,196.45
2156,2085,others,1403,1041,4.8689,11961,200.7
2299,3264,others,1199,1374,16.1929,11647,197.56
2369,2375,"1,4",1196,1235,3.6305,11946,200.55
2694,2662,others,1422,1251,6.0654,11628,197.37
2957,2338,others,1708,1420,4.4623,11987,200.96
2058,2496,others,1017,1277,3.7188,12054,201.63
2240,3118,others,1299,1271,4.1927,12061,201.7
2489,2723,others,1576,1379,5.0574,12044,201.53
3065,477,"1,4",1617,1616,2.7155,11823,199.32
3438,2964,others,1722,1523,4.8479,11961,200.7
1015,2434,others,1239,1484,4.36,12153,202.62
1088,2243,others,483,1115,5.1897,12134,202.43
1292,1368,"1,1",642,642,0.0,12057,201.66
2430,2447,"1,2",1221,1222,1.5125,12102,202.11
2659,1836,others,760,923,6.0852,11895,200.04
3066,2927,others,1018,1479,5.9148,12138,202.47
344,237,others,151,464,4.8686,12229,203.38
979,348,others,185,175,5.3675,12276,203.85
1386,1836,others,968,909,4.9094,12026,201.35
1733,2529,others,1503,1256,6.6727,12134,202.43
2034,2855,others,1218,1428,6.9327,12289,203.98
2610,2580,others,1119,1479,14.294,12176,202.85
2731,3526,others,1247,1513,5.0023,12216,203.25
3379,1522,others,754,1037,4.1774,12204,203.13
103,456,others,322,10,4.8739,12267,203.76
343,849,others,417,141,3.257,12348,204.57
1026,2134,others,510,1048,3.6438,12242,203.51
1508,1149,others,413,569,6.3133,12282,203.91
1616,2049,others,509,1004,4.5007,12248,203.57
1637,2086,others,817,778,5.3429,12257,203.66
476,381,others,231,467,5.6288,12410,205.19
547,144,others,312,37,7.1682,12101,202.1
3078,2218,"1,1",1535,1535,0.0,12457,205.66
65,144,"1,4",29,37,3.5602,12381,204.9
464,2183,others,1313,1087,4.6405,12540,206.49
893,720,others,561,357,5.2039,12157,202.66
907,1151,others,966,559,5.2949,12547,206.56
1193,2313,"1,1",829,829,0.0,12283,203.92
1554,2001,others,802,788,3.0262,12519,206.28
1903,3310,others,657,1117,7.6442,12594,207.03
2696,1629,"1,3",1096,815,2.5427,12490,205.99
2996,2050,others,991,1236,7.0201,12583,206.92
3272,2771,others,1374,1573,7.2753,12512,206.21
3367,10,"1,1",203,203,0.0,12197,203.06
427,420,others,1686,1692,6.7903,12617,207.26
1326,1224,others,884,585,4.9231,12695,208.04
1998,2014,others,628,557,5.3337,12611,207.2
2395,2543,"1,2",1177,964,1.4784,12636,207.45
3187,2602,others,1386,1142,6.3073,11833,199.42
3269,3264,others,1572,1277,6.103,12501,206.1
1638,191,others,774,208,12.6828,12566,206.75
1723,1929,others,548,910,6.1122,12723,208.32
3089,430,others,1484,24,2.9423,12724,208.33
246,96,others,759,410,6.261,12820,209.29
2263,2580,others,1447,1407,5.9748,12867,209.76
2645,696,others,1022,720,7.0657,12895,210.04
2742,696,others,1326,725,5.9983,12669,207.78
775,957,"1,4",796,1073,2.7454,12747,208.56
2155,3132,others,748,1248,7.9877,12576,206.85
2250,1607,others,942,1308,7.2308,12455,205.64
2274,528,others,791,648,7.5619,12939,210.48
2442,1258,others,909,828,4.5061,13009,211.18
822,1415,others,351,665,11.9488,12967,210.76
929,2961,"1,1",1664,1664,0.0,13050,211.59
1109,1655,others,413,781,5.5987,13014,211.23
1374,1056,others,812,772,3.2394,12954,210.63
272,2626,others,1506,1188,3.8063,13156,212.65
2335,3203,others,1640,58,9.1026,13152,212.61
3175,3189,"1,2",1497,1498,1.588,13150,212.59
3428,936,others,398,401,4.5071,13162,212.71
750,2110,others,797,1020,6.5622,13181,212.9
1555,1774,others,1050,590,4.8732,13139,212.48
2837,2890,"1,4",1560,1594,3.0486,13158,212.67
91,2064,others,1434,1233,5.1315,13316,214.25
128,3384,others,1555,1583,4.0309,13296,214.05
1939,2303,others,830,1060,5.8001,13367,214.76
2047,2842,others,1531,1303,7.3146,13261,213.7
3018,3190,others,1454,10,11.9633,12763,208.72
3474,108,others,1577,1484,13.6579,13274,213.83
92,900,others,45,443,7.3014,13436,215.45
247,587,"1,1",668,668,0.0,13282,213.91
1625,1584,"1,3",721,723,2.4781,13179,212.88
1735,2940,others,707,1205,7.9578,13192,213.01
2177,1272,others,1072,587,4.4514,13436,215.45
2718,2495,others,1131,1142,6.7715,13451,215.6
3113,2122,others,1480,1035,4.186,13441,215.5
3246,2757,others,36,1281,7.3587,13509,216.18
3449,108,others,94,1488,4.9144,13137,212.46
692,1737,others,664,791,5.589,13690,217.99
2887,108,others,1440,1478,11.3942,13366,214.75
740,95,"1,4",67,1457,3.9223,13782,218.91
1530,3467,others,885,1390,8.0811,13744,218.53
2107,1799,others,1225,1040,6.26,13760,218.69
2273,2507,others,176,1455,5.0506,13595,217.04
716,1161,others,328,528,9.2325,13770,218.79
1121,1161,others,567,534,5.1202,13475,215.84
655,1161,others,288,530,3.6455,13621,217.3
2035,2470,"1,2",698,888,1.3602,13608,217.17
2515,3192,others,1015,1451,4.5179,13983,220.92
2526,3358,others,203,1114,8.4827,13889,219.98
2912,444,others,1458,261,5.8227,13628,217.37
534,34,others,486,236,7.6378,14085,221.94
138,1113,"1,2",495,494,1.325,14119,222.28
149,816,others,426,208,4.9686,14186,222.95
1782,2339,others,637,225,11.067,13885,219.94
2636,648,others,917,1103,4.1043,14185,222.94
3354,465,others,192,163,3.212,14162,222.71
2969,756,others,635,394,8.5127,14222,223.31
812,972,others,292,231,7.659,14280,223.89
846,250,others,781,339,4.5631,13832,219.41
917,1283,others,151,375,5.4185,14319,224.28
1567,2400,others,1208,904,6.3186,14377,224.86
2827,2770,others,972,1174,6.0696,14215,223.24
451,2902,others,945,898,4.9946,14344,224.53
2405,2436,others,1144,1104,6.7538,14402,225.11
3139,2699,"1,1",1434,1434,0.0,14419,225.28
1496,1692,others,393,539,7.6235,14619,227.28
2491,1725,others,1008,548,1.923,14563,226.72
2683,2567,others,1297,1454,11.7964,14511,226.2
140,1438,"1,1",350,350,0.0,14694,228.03
1724,2099,others,521,966,13.6121,14380,224.89
2189,2231,"1,3",760,976,2.1722,14679,227.88
3044,2111,others,1279,935,5.5672,14432,225.41
3152,2578,others,952,1190,5.4942,14711,228.2
270,2410,others,1417,1448,4.134,14569,226.78
1601,1245,others,549,765,6.8799,14441,225.5
2167,2087,"1,2",905,906,1.5727,14752,228.61
1062,2878,others,1101,1068,5.5987,14767,228.76
1794,1704,others,492,743,4.9577,14916,230.25
2336,1200,others,983,1417,4.2508,14893,230.02
2648,1199,others,816,494,4.3088,14615,227.24
2660,2015,others,981,692,3.537,14307,224.16
3260,335,others,1540,190,7.2629,14728,228.37
1757,2076,others,859,897,7.5026,14934,230.43
3284,2673,others,1369,1150,5.8501,15026,231.35
524,1128,others,379,584,9.8758,15130,232.39
570,312,others,1506,177,7.3373,15216,233.25
558,2458,others,1272,1130,8.6395,15280,233.89
607,2412,others,424,705,6.8906,15136,232.45
1313,1197,others,758,376,5.9847,15172,232.81
2345,2410,others,868,1408,7.9511,15154,232.63
2899,1018,others,916,655,7.9989,15226,233.35
2947,2638,others,735,923,4.8557,14847,229.56
1890,2409,others,768,657,6.2435,15007,231.16
2081,1007,others,432,605,3.4437,15375,234.84
3020,405,others,187,170,4.9918,15315,234.24
2958,405,"1,2",200,171,1.3745,15030,231.39
535,934,others,384,1261,20.2487,15427,235.36
2840,2662,others,1008,1010,3.1077,15525,236.34
1604,2866,others,1150,1377,6.9323,15685,237.94
1217,777,others,458,330,7.4172,15838,239.47
2672,1161,others,298,491,6.0649,15870,239.79
212,3359,"1,1",183,183,0.0,15871,239.8
749,3336,"1,2",191,1395,1.4032,16025,241.34
2669,3251,others,1251,1239,7.8564,16004,241.13
2743,1078,"1,1",239,239,0.0,15967,240.76
1700,2327,others,868,1098,6.2647,15924,240.33
3259,1174,others,310,99,5.4246,16160,242.69
668,1751,others,683,514,6.6566,16126,242.35
1915,1905,others,823,531,4.6341,16193,243.02
175,3228,others,949,1028,7.4574,16115,242.24
2120,1065,"1,3",618,438,2.5407,16115,242.24
2708,2158,others,946,651,12.1225,16158,242.67
881,3309,others,85,1442,7.7942,16513,246.22
953,2986,others,1255,1232,9.603,16531,246.4
174,2554,others,70,1424,6.3582,16699,248.08
281,780,"1,4",1381,328,2.6812,16672,247.81
1447,1294,others,827,566,4.9472,16562,246.71
1266,1894,others,228,571,6.0388,16856,249.65
1457,526,others,273,277,5.7162,16906,250.15
2922,11,"1,1",239,239,0.0,16916,250.25
1110,1425,others,510,366,8.8493,17027,251.36
2888,2040,others,965,938,5.861,17044,251.53
185,2877,"1,1",1403,1403,0.0,17029,251.38
462,3130,others,1251,71,6.2755,17054,251.63
666,2831,others,1294,1088,3.8478,17092,252.01
1111,2193,"1,1",888,888,0.0,17140,252.49
2384,177,others,237,369,6.7272,17050,251.59
341,107,others,8,369,6.4969,17110,252.19
500,1497,others,379,775,8.1604,17230,253.39
1459,384,"1,1",737,737,0.0,17206,253.15
2599,406,others,169,1199,6.5865,17190,252.99
521,514,"1,2",321,322,1.3963,17425,255.34
2226,3225,"1,1",863,863,0.0,17360,254.69
2849,2938,others,853,1385,3.8384,17394,255.03
2778,672,others,87,813,3.6041,17116,252.25
2432,2409,others,959,606,6.2158,17714,258.23
2983,3442,others,1379,1372,3.8663,17622,257.31
2682,2158,others,531,619,5.2342,17789,258.98
2874,3024,others,1372,1187,5.0335,17746,258.55
3317,2518,others,1289,878,14.1194,17663,257.72
548,790,others,1373,113,3.6334,17682,257.91
704,239,"1,3",172,174,2.4578,17942,260.51
2851,2709,others,163,1168,4.7665,17998,261.07
2527,2531,others,841,751,7.7871,18088,261.97
3380,2280,others,659,962,5.1961,18197,263.06
1194,1679,others,959,411,5.983,18341,264.5
593,2760,others,1275,1171,13.153,18207,263.16
1902,2712,"1,1",994,994,0.0,18378,264.87
2681,3418,others,1260,1296,4.2677,18385,264.94
3390,1138,"1,2",660,661,1.5752,18523,266.32
677,804,"1,1",261,261,0.0,18529,266.38
3140,1294,others,242,534,8.6444,18920,270.29
330,612,others,401,658,8.1054,18976,270.85
3343,1546,others,1249,797,6.0112,18860,269.69
2096,2099,others,820,855,3.2265,19144,272.53
2216,1594,others,1099,819,6.9725,19162,272.71
5,3288,others,160,91,4.7637,19250,273.59
1242,3276,others,1162,1007,6.5034,19079,271.88
942,646,others,38,90,8.1626,18989,270.98
3365,3070,"1,1",989,989,0.0,19672,277.81
2612,2878,others,925,951,4.6603,19597,277.06
1529,3417,others,1201,504,10.3144,19633,277.42
1628,1606,"1,1",833,833,0.0,19871,279.8
1962,81,others,490,375,6.2465,19815,279.24
667,249,"1,3",96,98,2.7559,19780,278.89
2057,2280,others,930,935,4.2659,20070,281.79
2132,2541,"1,1",1076,1076,0.0,20017,281.26
3425,2555,others,787,870,7.5964,19905,280.14
413,981,others,651,407,6.3482,20068,281.77
1316,2674,others,877,838,9.8549,19339,274.48
2261,2244,"1,1",857,857,0.0,20271,283.8
2372,1558,others,36,70,7.5578,19990,280.99
1004,1557,others,1101,822,9.7919,20253,283.62
1961,2674,others,959,833,7.7846,19722,278.31
3197,921,"1,2",549,392,1.4241,20223,283.32
6,2805,others,1076,1061,7.3209,20517,286.26
2705,3285,"1,2",231,413,1.8419,20598,287.07
2790,2784,others,97,1078,10.7693,20504,286.13
2046,1044,others,794,994,11.0963,20728,288.37
3488,2604,others,1300,849,9.1975,20789,288.98
1100,478,others,1203,2,13.8827,20940,290.49
2105,1847,others,960,1210,10.0997,20840,289.49
2393,706,others,30,268,4.9015,20707,288.16
630,3453,others,958,1291,9.9962,20981,290.9
2490,3453,others,910,1291,19.5712,20995,291.04
2528,263,others,376,1285,7.964,21232,293.41
1795,1978,others,717,500,4.7795,21380,294.89
2094,2649,others,910,717,4.9008,21589,296.98
1303,2028,others,1076,1283,10.3861,21771,298.8
3101,2784,"1,4",1240,1059,3.0588,21490,295.99
641,2819,others,1053,1045,5.9744,21775,298.84
2359,2028,others,954,1283,9.3921,21648,297.57
751,3369,others,1165,175,9.3592,21811,299.2
1832,2386,others,930,1063,8.2242,22083,301.92
2144,708,others,1242,1138,11.4324,22047,301.56
1038,839,others,877,406,6.1262,22327,304.36
2597,3011,others,1076,939,5.9637,22564,306.73
1013,1882,others,545,415,6.0552,22740,308.49
1364,70,others,410,4,11.9812,23041,311.5
2695,923,others,165,516,3.8416,23110,312.19
1640,1642,others,1052,438,12.1252,23006,311.15
2886,1079,others,440,557,6.98,23836,319.45
377,1452,others,163,1202,6.0677,24150,322.59
1147,612,others,682,614,10.1943,24115,322.24
1265,3276,others,1041,930,7.7773,24771,328.8
378,191,others,1027,162,5.2306,24843,329.52
1651,3059,others,1240,87,7.5227,24777,328.86
1878,1533,others,826,643,4.9541,25121,332.3
1914,1847,others,1130,1157,7.1726,25073,331.82
1037,1990,others,506,235,8.6376,25090,331.99
30,597,others,33,582,4.7622,25734,338.43
2323,1077,others,551,283,18.2602,25992,341.01
821,2577,others,907,1006,6.8319,26023,341.32
954,3154,others,960,936,5.7413,26201,343.1
1986,1716,"1,4",787,862,3.5565,25906,340.15
293,3096,others,1207,1120,7.2052,26488,345.97
689,538,others,389,159,15.2667,26558,346.67
2862,1523,others,518,713,5.5302,26912,350.21
1519,984,others,367,573,6.8165,27067,351.76
306,1103,others,1,916,9.5977,27165,352.74
67,2339,others,683,183,7.5293,29321,386.9
473,2650,others,486,1105,17.6841,29428,397.6
584,310,others,90,178,9.2097,29458,400.6
3416,132,others,1222,1232,9.9883,29534,408.2
379,1103,others,165,909,9.1467,29639,418.7
32,479,"1,1",1203,1203,0.0,29924,447.2
